






Started logging.

>>>
Content-Length: 3729

{"jsonrpc":"2.0","id":"1","method":"initialize","params":{"processId":8656,"clientInfo":{"name":"vscode","version":"1.80.0"},"rootPath":"C:\\Users\\рс\\AppData\\Local\\Temp\\arduino-language-server3887294064\\build\\sketch","rootUri":"file:///c%3A/Users/%D1%80%D1%81/AppData/Local/Temp/arduino-language-server3887294064/build/sketch","initializationOptions":{},"capabilities":{"workspace":{"applyEdit":true,"workspaceEdit":{"documentChanges":true,"resourceOperations":["create","rename","delete"],"failureHandling":"textOnlyTransactional"},"didChangeConfiguration":{"dynamicRegistration":true},"didChangeWatchedFiles":{"dynamicRegistration":true},"symbol":{"dynamicRegistration":true,"symbolKind":{"valueSet":[1,2,3,4,5,6,7,8,9,10,11,12,13,14,15,16,17,18,19,20,21,22,23,24,25,26]}},"executeCommand":{"dynamicRegistration":true},"workspaceFolders":true,"configuration":true},"textDocument":{"synchronization":{"dynamicRegistration":true,"willSave":true,"willSaveWaitUntil":true,"didSave":true},"completion":{"dynamicRegistration":true,"completionItem":{"snippetSupport":true,"commitCharactersSupport":true,"documentationFormat":["markdown","plaintext"],"deprecatedSupport":true,"preselectSupport":true,"tagSupport":{"valueSet":[1]}},"completionItemKind":{"valueSet":[1,2,3,4,5,6,7,8,9,10,11,12,13,14,15,16,17,18,19,20,21,22,23,24,25]},"contextSupport":true},"hover":{"dynamicRegistration":true,"contentFormat":["markdown","plaintext"]},"signatureHelp":{"dynamicRegistration":true,"signatureInformation":{"documentationFormat":["markdown","plaintext"],"parameterInformation":{"labelOffsetSupport":true}},"contextSupport":true},"declaration":{"dynamicRegistration":true,"linkSupport":true},"definition":{"dynamicRegistration":true,"linkSupport":true},"typeDefinition":{"dynamicRegistration":true,"linkSupport":true},"implementation":{"dynamicRegistration":true,"linkSupport":true},"references":{"dynamicRegistration":true},"documentHighlight":{"dynamicRegistration":true},"documentSymbol":{"dynamicRegistration":true,"symbolKind":{"valueSet":[1,2,3,4,5,6,7,8,9,10,11,12,13,14,15,16,17,18,19,20,21,22,23,24,25,26]},"hierarchicalDocumentSymbolSupport":true},"codeAction":{"dynamicRegistration":true,"codeActionLiteralSupport":{"codeActionKind":{"valueSet":["","quickfix","refactor","refactor.extract","refactor.inline","refactor.rewrite","source","source.organizeImports"]}},"isPreferredSupport":true},"codeLens":{"dynamicRegistration":true},"documentLink":{"dynamicRegistration":true,"tooltipSupport":true},"colorProvider":{"dynamicRegistration":true},"formatting":{"dynamicRegistration":true},"rangeFormatting":{"dynamicRegistration":true},"onTypeFormatting":{"dynamicRegistration":true},"rename":{"dynamicRegistration":true,"prepareSupport":true},"publishDiagnostics":{"relatedInformation":true,"tagSupport":{"valueSet":[1,2]}},"foldingRange":{"dynamicRegistration":true,"rangeLimit":5000,"lineFoldingOnly":true},"selectionRange":{"dynamicRegistration":true}},"window":{"workDoneProgress":true}},"trace":"off","workspaceFolders":[{"uri":"file:///d%3A/YandexDisk/%D0%94%D0%BE%D0%BA%D1%83%D0%BC%D0%B5%D0%BD%D1%82%D1%8B/Arbeit/%D0%9A%D0%BE%D0%BF%D0%B8%D1%80%D0%B0%D0%B9%D1%82%D0%B8%D0%BD%D0%B3/Superais/%D0%9F%D1%80%D0%BE%D0%B5%D0%BA%D1%82%D1%8B/9_%D0%9A%D0%B0%D0%BA%20%D1%81%D0%BE%D0%B1%D1%80%D0%B0%D1%82%D1%8C%20%D1%83%D1%81%D1%82%D1%80%D0%BE%D0%B9%D1%81%D1%82%D0%B2%D0%BE%20%D0%BD%D0%B0%20%D0%B1%D0%B0%D0%B7%D0%B5%20Arduino%20%D0%B4%D0%BB%D1%8F%20%D0%BD%D0%B0%D1%87%D0%B8%D0%BD%D0%B0%D1%8E%D1%89%D0%B8%D1%85/%D0%9F%D1%80%D0%BE%D0%B5%D0%BA%D1%82%20%D0%A2%D0%B5%D0%BC%D0%BF%D0%B5%D1%80%D0%B0%D1%82%D1%80%D1%83%D0%BD%D1%8B%D0%B9%20%D0%BC%D0%BE%D0%BD%D0%B8%D1%82%D0%BE%D1%80/Arduino_GitHub/Termometer_C-F","name":"Termometer_C-F"}]}}
<<<
Content-Length: 1905

{"id":"1","jsonrpc":"2.0","result":{"capabilities":{"astProvider":true,"callHierarchyProvider":true,"clangdInlayHintsProvider":true,"codeActionProvider":{"codeActionKinds":["quickfix","refactor","info"]},"compilationDatabase":{"automaticReload":true},"completionProvider":{"allCommitCharacters":[" ","\t","(",")","[","]","{","}","<",">",":",";",",","+","-","/","*","%","^","&","#","?",".","=","\"","'","|"],"resolveProvider":false,"triggerCharacters":[".","<",">",":","\"","/","*"]},"declarationProvider":true,"definitionProvider":true,"documentFormattingProvider":true,"documentHighlightProvider":true,"documentLinkProvider":{"resolveProvider":false},"documentOnTypeFormattingProvider":{"firstTriggerCharacter":"\n","moreTriggerCharacter":[]},"documentRangeFormattingProvider":true,"documentSymbolProvider":true,"executeCommandProvider":{"commands":["clangd.applyFix","clangd.applyTweak"]},"hoverProvider":true,"implementationProvider":true,"memoryUsageProvider":true,"referencesProvider":true,"renameProvider":{"prepareProvider":true},"selectionRangeProvider":true,"semanticTokensProvider":{"full":{"delta":true},"legend":{"tokenModifiers":["declaration","deprecated","deduced","readonly","static","abstract","virtual","dependentName","defaultLibrary","usedAsMutableReference","functionScope","classScope","fileScope","globalScope"],"tokenTypes":["variable","variable","parameter","function","method","function","property","variable","class","interface","enum","enumMember","type","type","unknown","namespace","typeParameter","concept","type","macro","comment"]},"range":false},"signatureHelpProvider":{"triggerCharacters":["(",")","{","}","<",">",","]},"textDocumentSync":{"change":2,"openClose":true,"save":true},"typeDefinitionProvider":true,"typeHierarchyProvider":true,"workspaceSymbolProvider":true},"serverInfo":{"name":"clangd","version":"clangd version 14.0.0 windows x86_64-pc-windows-msvc"}}}
>>>
Content-Length: 52

{"jsonrpc":"2.0","method":"initialized","params":{}}Content-Length: 2734

{"jsonrpc":"2.0","method":"textDocument/didOpen","params":{"textDocument":{"uri":"file:///c%3A/Users/%D1%80%D1%81/AppData/Local/Temp/arduino-language-server3887294064/build/sketch/Termometer_C-F.ino.cpp","languageId":"cpp","version":1,"text":"#include \u003cArduino.h\u003e\n#line 1 \"D:\\\\YandexDisk\\\\Документы\\\\Arbeit\\\\Копирайтинг\\\\Superais\\\\Проекты\\\\9_Как собрать устройство на базе Arduino для начинающих\\\\Проект Температруный монитор\\\\Arduino_GitHub\\\\Termometer_C-F\\\\Termometer_C-F.ino\"\n/*1янв25\nТермометр C / F\nПроект 9\nScriptor42\n*/\n/*Сборный скетч */\n\n#include \"OneWire.h\"\n#include \"DallasTemperature.h\"\n \nOneWire oneWire(10);  // Порт подключения датчиков\nDallasTemperature ds(\u0026oneWire);\n\n#line 14 \"D:\\\\YandexDisk\\\\Документы\\\\Arbeit\\\\Копирайтинг\\\\Superais\\\\Проекты\\\\9_Как собрать устройство на базе Arduino для начинающих\\\\Проект Температруный монитор\\\\Arduino_GitHub\\\\Termometer_C-F\\\\Termometer_C-F.ino\"\nvoid setup();\n#line 19 \"D:\\\\YandexDisk\\\\Документы\\\\Arbeit\\\\Копирайтинг\\\\Superais\\\\Проекты\\\\9_Как собрать устройство на базе Arduino для начинающих\\\\Проект Температруный монитор\\\\Arduino_GitHub\\\\Termometer_C-F\\\\Termometer_C-F.ino\"\nvoid loop();\n#line 14 \"D:\\\\YandexDisk\\\\Документы\\\\Arbeit\\\\Копирайтинг\\\\Superais\\\\Проекты\\\\9_Как собрать устройство на базе Arduino для начинающих\\\\Проект Температруный монитор\\\\Arduino_GitHub\\\\Termometer_C-F\\\\Termometer_C-F.ino\"\nvoid setup() {\n  Serial.begin(9600);   // Инициализация монитора порта\n  ds.begin();                 // Инициализация датчика ds18b20\n}\n\nvoid loop() {\n\nds.requestTemperatures();\nSerial.print(\"Celsius temperature: \");\n  // \"Температура в Цельсиях: \"\n  // Почему \"byIndex\"? к одной шине может быть подключено \n  // больше одного датчика; самое первое устройство на шине - это \"0\":\n  //float temperatureC = ds.getTempCByIndex(0);\n  Serial.print(ds.getTempCByIndex(0));\n  Serial.print(\" - Fahrenheit temperature: \");\n  //  \" - Температура в Фаренгейтах: \"\n  Serial.println(ds.getTempFByIndex(0));\n  delay(1000);\n}\n"}}}Content-Length: 222

{"jsonrpc":"2.0","id":"2","method":"textDocument/documentSymbol","params":{"textDocument":{"uri":"file:///c%3A/Users/%D1%80%D1%81/AppData/Local/Temp/arduino-language-server3887294064/build/sketch/Termometer_C-F.ino.cpp"}}}
<<<
Content-Length: 193

{"jsonrpc":"2.0","method":"textDocument/publishDiagnostics","params":{"diagnostics":[],"uri":"file:///c:/Users/%D1%80%D1%81/AppData/Local/Temp/arduino-language-server3887294064/build/.clangd"}}Content-Length: 193

{"jsonrpc":"2.0","method":"textDocument/publishDiagnostics","params":{"diagnostics":[],"uri":"file:///C:/Users/%D1%80%D1%81/AppData/Local/Temp/arduino-language-server3887294064/build/.clangd"}}Content-Length: 111

{"id":0,"jsonrpc":"2.0","method":"window/workDoneProgress/create","params":{"token":"backgroundIndexProgress"}}
>>>
Content-Length: 38

{"jsonrpc":"2.0","id":0,"result":null}
<<<
Content-Length: 143

{"jsonrpc":"2.0","method":"$/progress","params":{"token":"backgroundIndexProgress","value":{"kind":"begin","percentage":0,"title":"indexing"}}}Content-Length: 141

{"jsonrpc":"2.0","method":"$/progress","params":{"token":"backgroundIndexProgress","value":{"kind":"report","message":"0/1","percentage":0}}}Content-Length: 141

{"jsonrpc":"2.0","method":"$/progress","params":{"token":"backgroundIndexProgress","value":{"kind":"report","message":"0/2","percentage":0}}}Content-Length: 142

{"jsonrpc":"2.0","method":"$/progress","params":{"token":"backgroundIndexProgress","value":{"kind":"report","message":"1/2","percentage":50}}}Content-Length: 142

{"jsonrpc":"2.0","method":"$/progress","params":{"token":"backgroundIndexProgress","value":{"kind":"report","message":"1/2","percentage":50}}}Content-Length: 703

{"jsonrpc":"2.0","method":"textDocument/publishDiagnostics","params":{"diagnostics":[{"code":"pp_file_not_found","message":"In included file: 'stddef.h' file not found","range":{"end":{"character":10,"line":0},"start":{"character":9,"line":0}},"relatedInformation":[{"location":{"range":{"end":{"character":19,"line":47},"start":{"character":9,"line":47}},"uri":"file:///C:/Users/%D1%80%D1%81/AppData/Local/Arduino15/packages/arduino/tools/avr-gcc/7.3.0-atmel3.6.1-arduino7/avr/include/stdlib.h"},"message":"Error occurred here"}],"severity":1,"source":"clang"}],"uri":"file:///c:/Users/%D1%80%D1%81/AppData/Local/Temp/arduino-language-server3887294064/build/sketch/Termometer_C-F.ino.cpp","version":1}}Content-Length: 1295

{"id":"2","jsonrpc":"2.0","result":[{"detail":"OneWire","kind":13,"name":"oneWire","range":{"end":{"character":19,"line":12},"start":{"character":0,"line":12}},"selectionRange":{"end":{"character":15,"line":12},"start":{"character":8,"line":12}}},{"detail":"DallasTemperature","kind":13,"name":"ds","range":{"end":{"character":30,"line":13},"start":{"character":0,"line":13}},"selectionRange":{"end":{"character":20,"line":13},"start":{"character":18,"line":13}}},{"detail":"void ()","kind":12,"name":"setup","range":{"end":{"character":12,"line":16},"start":{"character":0,"line":16}},"selectionRange":{"end":{"character":10,"line":16},"start":{"character":5,"line":16}}},{"detail":"void ()","kind":12,"name":"loop","range":{"end":{"character":11,"line":18},"start":{"character":0,"line":18}},"selectionRange":{"end":{"character":9,"line":18},"start":{"character":5,"line":18}}},{"detail":"void ()","kind":12,"name":"setup","range":{"end":{"character":1,"line":23},"start":{"character":0,"line":20}},"selectionRange":{"end":{"character":10,"line":20},"start":{"character":5,"line":20}}},{"detail":"void ()","kind":12,"name":"loop","range":{"end":{"character":1,"line":38},"start":{"character":0,"line":25}},"selectionRange":{"end":{"character":9,"line":25},"start":{"character":5,"line":25}}}]}Content-Length: 107

{"jsonrpc":"2.0","method":"$/progress","params":{"token":"backgroundIndexProgress","value":{"kind":"end"}}}
>>>
Content-Length: 251

{"jsonrpc":"2.0","id":"3","method":"textDocument/hover","params":{"textDocument":{"uri":"file:///c%3A/Users/%D1%80%D1%81/AppData/Local/Temp/arduino-language-server3887294064/build/sketch/Termometer_C-F.ino.cpp"},"position":{"line":28,"character":25}}}
<<<
Content-Length: 40

{"id":"3","jsonrpc":"2.0","result":null}
>>>
Content-Length: 251

{"jsonrpc":"2.0","id":"4","method":"textDocument/hover","params":{"textDocument":{"uri":"file:///c%3A/Users/%D1%80%D1%81/AppData/Local/Temp/arduino-language-server3887294064/build/sketch/Termometer_C-F.ino.cpp"},"position":{"line":30,"character":36}}}
<<<
Content-Length: 40

{"id":"4","jsonrpc":"2.0","result":null}
>>>
Content-Length: 251

{"jsonrpc":"2.0","id":"5","method":"textDocument/hover","params":{"textDocument":{"uri":"file:///c%3A/Users/%D1%80%D1%81/AppData/Local/Temp/arduino-language-server3887294064/build/sketch/Termometer_C-F.ino.cpp"},"position":{"line":31,"character":36}}}
<<<
Content-Length: 40

{"id":"5","jsonrpc":"2.0","result":null}
>>>
Content-Length: 249

{"jsonrpc":"2.0","id":"6","method":"textDocument/hover","params":{"textDocument":{"uri":"file:///c%3A/Users/%D1%80%D1%81/AppData/Local/Temp/arduino-language-server3887294064/build/sketch/Termometer_C-F.ino.cpp"},"position":{"line":5,"character":8}}}
<<<
Content-Length: 40

{"id":"6","jsonrpc":"2.0","result":null}
>>>
Content-Length: 206

{"jsonrpc":"2.0","method":"textDocument/didSave","params":{"textDocument":{"uri":"file:///c%3A/Users/%D1%80%D1%81/AppData/Local/Temp/arduino-language-server3887294064/build/sketch/Termometer_C-F.ino.cpp"}}}Content-Length: 2738

{"jsonrpc":"2.0","method":"textDocument/didChange","params":{"textDocument":{"uri":"file:///c%3A/Users/%D1%80%D1%81/AppData/Local/Temp/arduino-language-server3887294064/build/sketch/Termometer_C-F.ino.cpp","version":2},"contentChanges":[{"text":"#include \u003cArduino.h\u003e\n#line 1 \"D:\\\\YandexDisk\\\\Документы\\\\Arbeit\\\\Копирайтинг\\\\Superais\\\\Проекты\\\\9_Как собрать устройство на базе Arduino для начинающих\\\\Проект Температруный монитор\\\\Arduino_GitHub\\\\Termometer_C-F\\\\Termometer_C-F.ino\"\n/*1янв25\nТермометр C / F\nПроект 9\nScriptor42\n*/\n/*Сборный скетч */\n\n#include \"OneWire.h\"\n#include \"DallasTemperature.h\"\n \nOneWire oneWire(10);  // Порт подключения датчиков\nDallasTemperature ds(\u0026oneWire);\n\n#line 14 \"D:\\\\YandexDisk\\\\Документы\\\\Arbeit\\\\Копирайтинг\\\\Superais\\\\Проекты\\\\9_Как собрать устройство на базе Arduino для начинающих\\\\Проект Температруный монитор\\\\Arduino_GitHub\\\\Termometer_C-F\\\\Termometer_C-F.ino\"\nvoid setup();\n#line 19 \"D:\\\\YandexDisk\\\\Документы\\\\Arbeit\\\\Копирайтинг\\\\Superais\\\\Проекты\\\\9_Как собрать устройство на базе Arduino для начинающих\\\\Проект Температруный монитор\\\\Arduino_GitHub\\\\Termometer_C-F\\\\Termometer_C-F.ino\"\nvoid loop();\n#line 14 \"D:\\\\YandexDisk\\\\Документы\\\\Arbeit\\\\Копирайтинг\\\\Superais\\\\Проекты\\\\9_Как собрать устройство на базе Arduino для начинающих\\\\Проект Температруный монитор\\\\Arduino_GitHub\\\\Termometer_C-F\\\\Termometer_C-F.ino\"\nvoid setup() {\n  Serial.begin(9600);   // Инициализация монитора порта\n  ds.begin();                 // Инициализация датчика ds18b20\n}\n\nvoid loop() {\n\nds.requestTemperatures();\nSerial.print(\"Celsius temperature: \");\n  // \"Температура в Цельсиях: \"\n  // Почему \"byIndex\"? к одной шине может быть подключено \n  // больше одного датчика; самое первое устройство на шине - это \"0\":\n  //float temperatureC = ds.getTempCByIndex(0);\n  Serial.print(ds.getTempCByIndex(0));\n  Serial.print(\" - Fahrenheit temperature: \");\n  //  \" - Температура в Фаренгейтах: \"\n  Serial.println(ds.getTempFByIndex(0));\n  delay(1000);\n}\n"}]}}
<<<
Content-Length: 111

{"id":1,"jsonrpc":"2.0","method":"window/workDoneProgress/create","params":{"token":"backgroundIndexProgress"}}
>>>
Content-Length: 38

{"jsonrpc":"2.0","id":1,"result":null}
<<<
Content-Length: 143

{"jsonrpc":"2.0","method":"$/progress","params":{"token":"backgroundIndexProgress","value":{"kind":"begin","percentage":0,"title":"indexing"}}}Content-Length: 141

{"jsonrpc":"2.0","method":"$/progress","params":{"token":"backgroundIndexProgress","value":{"kind":"report","message":"0/1","percentage":0}}}Content-Length: 141

{"jsonrpc":"2.0","method":"$/progress","params":{"token":"backgroundIndexProgress","value":{"kind":"report","message":"0/1","percentage":0}}}Content-Length: 107

{"jsonrpc":"2.0","method":"$/progress","params":{"token":"backgroundIndexProgress","value":{"kind":"end"}}}
>>>
Content-Length: 206

{"jsonrpc":"2.0","method":"textDocument/didSave","params":{"textDocument":{"uri":"file:///c%3A/Users/%D1%80%D1%81/AppData/Local/Temp/arduino-language-server3887294064/build/sketch/Termometer_C-F.ino.cpp"}}}Content-Length: 2738

{"jsonrpc":"2.0","method":"textDocument/didChange","params":{"textDocument":{"uri":"file:///c%3A/Users/%D1%80%D1%81/AppData/Local/Temp/arduino-language-server3887294064/build/sketch/Termometer_C-F.ino.cpp","version":3},"contentChanges":[{"text":"#include \u003cArduino.h\u003e\n#line 1 \"D:\\\\YandexDisk\\\\Документы\\\\Arbeit\\\\Копирайтинг\\\\Superais\\\\Проекты\\\\9_Как собрать устройство на базе Arduino для начинающих\\\\Проект Температруный монитор\\\\Arduino_GitHub\\\\Termometer_C-F\\\\Termometer_C-F.ino\"\n/*1янв25\nТермометр C / F\nПроект 9\nScriptor42\n*/\n/*Сборный скетч */\n\n#include \"OneWire.h\"\n#include \"DallasTemperature.h\"\n \nOneWire oneWire(10);  // Порт подключения датчиков\nDallasTemperature ds(\u0026oneWire);\n\n#line 14 \"D:\\\\YandexDisk\\\\Документы\\\\Arbeit\\\\Копирайтинг\\\\Superais\\\\Проекты\\\\9_Как собрать устройство на базе Arduino для начинающих\\\\Проект Температруный монитор\\\\Arduino_GitHub\\\\Termometer_C-F\\\\Termometer_C-F.ino\"\nvoid setup();\n#line 19 \"D:\\\\YandexDisk\\\\Документы\\\\Arbeit\\\\Копирайтинг\\\\Superais\\\\Проекты\\\\9_Как собрать устройство на базе Arduino для начинающих\\\\Проект Температруный монитор\\\\Arduino_GitHub\\\\Termometer_C-F\\\\Termometer_C-F.ino\"\nvoid loop();\n#line 14 \"D:\\\\YandexDisk\\\\Документы\\\\Arbeit\\\\Копирайтинг\\\\Superais\\\\Проекты\\\\9_Как собрать устройство на базе Arduino для начинающих\\\\Проект Температруный монитор\\\\Arduino_GitHub\\\\Termometer_C-F\\\\Termometer_C-F.ino\"\nvoid setup() {\n  Serial.begin(9600);   // Инициализация монитора порта\n  ds.begin();                 // Инициализация датчика ds18b20\n}\n\nvoid loop() {\n\nds.requestTemperatures();\nSerial.print(\"Celsius temperature: \");\n  // \"Температура в Цельсиях: \"\n  // Почему \"byIndex\"? к одной шине может быть подключено \n  // больше одного датчика; самое первое устройство на шине - это \"0\":\n  //float temperatureC = ds.getTempCByIndex(0);\n  Serial.print(ds.getTempCByIndex(0));\n  Serial.print(\" - Fahrenheit temperature: \");\n  //  \" - Температура в Фаренгейтах: \"\n  Serial.println(ds.getTempFByIndex(0));\n  delay(1000);\n}\n"}]}}
<<<
Content-Length: 111

{"id":2,"jsonrpc":"2.0","method":"window/workDoneProgress/create","params":{"token":"backgroundIndexProgress"}}
>>>
Content-Length: 38

{"jsonrpc":"2.0","id":2,"result":null}
<<<
Content-Length: 143

{"jsonrpc":"2.0","method":"$/progress","params":{"token":"backgroundIndexProgress","value":{"kind":"begin","percentage":0,"title":"indexing"}}}Content-Length: 141

{"jsonrpc":"2.0","method":"$/progress","params":{"token":"backgroundIndexProgress","value":{"kind":"report","message":"0/1","percentage":0}}}Content-Length: 141

{"jsonrpc":"2.0","method":"$/progress","params":{"token":"backgroundIndexProgress","value":{"kind":"report","message":"0/1","percentage":0}}}Content-Length: 107

{"jsonrpc":"2.0","method":"$/progress","params":{"token":"backgroundIndexProgress","value":{"kind":"end"}}}






Started logging.

>>>
Content-Length: 3730

{"jsonrpc":"2.0","id":"1","method":"initialize","params":{"processId":23660,"clientInfo":{"name":"vscode","version":"1.80.0"},"rootPath":"C:\\Users\\рс\\AppData\\Local\\Temp\\arduino-language-server3567288431\\build\\sketch","rootUri":"file:///c%3A/Users/%D1%80%D1%81/AppData/Local/Temp/arduino-language-server3567288431/build/sketch","initializationOptions":{},"capabilities":{"workspace":{"applyEdit":true,"workspaceEdit":{"documentChanges":true,"resourceOperations":["create","rename","delete"],"failureHandling":"textOnlyTransactional"},"didChangeConfiguration":{"dynamicRegistration":true},"didChangeWatchedFiles":{"dynamicRegistration":true},"symbol":{"dynamicRegistration":true,"symbolKind":{"valueSet":[1,2,3,4,5,6,7,8,9,10,11,12,13,14,15,16,17,18,19,20,21,22,23,24,25,26]}},"executeCommand":{"dynamicRegistration":true},"workspaceFolders":true,"configuration":true},"textDocument":{"synchronization":{"dynamicRegistration":true,"willSave":true,"willSaveWaitUntil":true,"didSave":true},"completion":{"dynamicRegistration":true,"completionItem":{"snippetSupport":true,"commitCharactersSupport":true,"documentationFormat":["markdown","plaintext"],"deprecatedSupport":true,"preselectSupport":true,"tagSupport":{"valueSet":[1]}},"completionItemKind":{"valueSet":[1,2,3,4,5,6,7,8,9,10,11,12,13,14,15,16,17,18,19,20,21,22,23,24,25]},"contextSupport":true},"hover":{"dynamicRegistration":true,"contentFormat":["markdown","plaintext"]},"signatureHelp":{"dynamicRegistration":true,"signatureInformation":{"documentationFormat":["markdown","plaintext"],"parameterInformation":{"labelOffsetSupport":true}},"contextSupport":true},"declaration":{"dynamicRegistration":true,"linkSupport":true},"definition":{"dynamicRegistration":true,"linkSupport":true},"typeDefinition":{"dynamicRegistration":true,"linkSupport":true},"implementation":{"dynamicRegistration":true,"linkSupport":true},"references":{"dynamicRegistration":true},"documentHighlight":{"dynamicRegistration":true},"documentSymbol":{"dynamicRegistration":true,"symbolKind":{"valueSet":[1,2,3,4,5,6,7,8,9,10,11,12,13,14,15,16,17,18,19,20,21,22,23,24,25,26]},"hierarchicalDocumentSymbolSupport":true},"codeAction":{"dynamicRegistration":true,"codeActionLiteralSupport":{"codeActionKind":{"valueSet":["","quickfix","refactor","refactor.extract","refactor.inline","refactor.rewrite","source","source.organizeImports"]}},"isPreferredSupport":true},"codeLens":{"dynamicRegistration":true},"documentLink":{"dynamicRegistration":true,"tooltipSupport":true},"colorProvider":{"dynamicRegistration":true},"formatting":{"dynamicRegistration":true},"rangeFormatting":{"dynamicRegistration":true},"onTypeFormatting":{"dynamicRegistration":true},"rename":{"dynamicRegistration":true,"prepareSupport":true},"publishDiagnostics":{"relatedInformation":true,"tagSupport":{"valueSet":[1,2]}},"foldingRange":{"dynamicRegistration":true,"rangeLimit":5000,"lineFoldingOnly":true},"selectionRange":{"dynamicRegistration":true}},"window":{"workDoneProgress":true}},"trace":"off","workspaceFolders":[{"uri":"file:///d%3A/YandexDisk/%D0%94%D0%BE%D0%BA%D1%83%D0%BC%D0%B5%D0%BD%D1%82%D1%8B/Arbeit/%D0%9A%D0%BE%D0%BF%D0%B8%D1%80%D0%B0%D0%B9%D1%82%D0%B8%D0%BD%D0%B3/Superais/%D0%9F%D1%80%D0%BE%D0%B5%D0%BA%D1%82%D1%8B/9_%D0%9A%D0%B0%D0%BA%20%D1%81%D0%BE%D0%B1%D1%80%D0%B0%D1%82%D1%8C%20%D1%83%D1%81%D1%82%D1%80%D0%BE%D0%B9%D1%81%D1%82%D0%B2%D0%BE%20%D0%BD%D0%B0%20%D0%B1%D0%B0%D0%B7%D0%B5%20Arduino%20%D0%B4%D0%BB%D1%8F%20%D0%BD%D0%B0%D1%87%D0%B8%D0%BD%D0%B0%D1%8E%D1%89%D0%B8%D1%85/%D0%9F%D1%80%D0%BE%D0%B5%D0%BA%D1%82%20%D0%A2%D0%B5%D0%BC%D0%BF%D0%B5%D1%80%D0%B0%D1%82%D1%80%D1%83%D0%BD%D1%8B%D0%B9%20%D0%BC%D0%BE%D0%BD%D0%B8%D1%82%D0%BE%D1%80/Arduino_GitHub/Termometer_C-F","name":"Termometer_C-F"}]}}
<<<
Content-Length: 1905

{"id":"1","jsonrpc":"2.0","result":{"capabilities":{"astProvider":true,"callHierarchyProvider":true,"clangdInlayHintsProvider":true,"codeActionProvider":{"codeActionKinds":["quickfix","refactor","info"]},"compilationDatabase":{"automaticReload":true},"completionProvider":{"allCommitCharacters":[" ","\t","(",")","[","]","{","}","<",">",":",";",",","+","-","/","*","%","^","&","#","?",".","=","\"","'","|"],"resolveProvider":false,"triggerCharacters":[".","<",">",":","\"","/","*"]},"declarationProvider":true,"definitionProvider":true,"documentFormattingProvider":true,"documentHighlightProvider":true,"documentLinkProvider":{"resolveProvider":false},"documentOnTypeFormattingProvider":{"firstTriggerCharacter":"\n","moreTriggerCharacter":[]},"documentRangeFormattingProvider":true,"documentSymbolProvider":true,"executeCommandProvider":{"commands":["clangd.applyFix","clangd.applyTweak"]},"hoverProvider":true,"implementationProvider":true,"memoryUsageProvider":true,"referencesProvider":true,"renameProvider":{"prepareProvider":true},"selectionRangeProvider":true,"semanticTokensProvider":{"full":{"delta":true},"legend":{"tokenModifiers":["declaration","deprecated","deduced","readonly","static","abstract","virtual","dependentName","defaultLibrary","usedAsMutableReference","functionScope","classScope","fileScope","globalScope"],"tokenTypes":["variable","variable","parameter","function","method","function","property","variable","class","interface","enum","enumMember","type","type","unknown","namespace","typeParameter","concept","type","macro","comment"]},"range":false},"signatureHelpProvider":{"triggerCharacters":["(",")","{","}","<",">",","]},"textDocumentSync":{"change":2,"openClose":true,"save":true},"typeDefinitionProvider":true,"typeHierarchyProvider":true,"workspaceSymbolProvider":true},"serverInfo":{"name":"clangd","version":"clangd version 14.0.0 windows x86_64-pc-windows-msvc"}}}
>>>
Content-Length: 52

{"jsonrpc":"2.0","method":"initialized","params":{}}Content-Length: 2734

{"jsonrpc":"2.0","method":"textDocument/didOpen","params":{"textDocument":{"uri":"file:///c%3A/Users/%D1%80%D1%81/AppData/Local/Temp/arduino-language-server3567288431/build/sketch/Termometer_C-F.ino.cpp","languageId":"cpp","version":1,"text":"#include \u003cArduino.h\u003e\n#line 1 \"D:\\\\YandexDisk\\\\Документы\\\\Arbeit\\\\Копирайтинг\\\\Superais\\\\Проекты\\\\9_Как собрать устройство на базе Arduino для начинающих\\\\Проект Температруный монитор\\\\Arduino_GitHub\\\\Termometer_C-F\\\\Termometer_C-F.ino\"\n/*1янв25\nТермометр C / F\nПроект 9\nScriptor42\n*/\n/*Сборный скетч */\n\n#include \"OneWire.h\"\n#include \"DallasTemperature.h\"\n \nOneWire oneWire(10);  // Порт подключения датчиков\nDallasTemperature ds(\u0026oneWire);\n\n#line 14 \"D:\\\\YandexDisk\\\\Документы\\\\Arbeit\\\\Копирайтинг\\\\Superais\\\\Проекты\\\\9_Как собрать устройство на базе Arduino для начинающих\\\\Проект Температруный монитор\\\\Arduino_GitHub\\\\Termometer_C-F\\\\Termometer_C-F.ino\"\nvoid setup();\n#line 19 \"D:\\\\YandexDisk\\\\Документы\\\\Arbeit\\\\Копирайтинг\\\\Superais\\\\Проекты\\\\9_Как собрать устройство на базе Arduino для начинающих\\\\Проект Температруный монитор\\\\Arduino_GitHub\\\\Termometer_C-F\\\\Termometer_C-F.ino\"\nvoid loop();\n#line 14 \"D:\\\\YandexDisk\\\\Документы\\\\Arbeit\\\\Копирайтинг\\\\Superais\\\\Проекты\\\\9_Как собрать устройство на базе Arduino для начинающих\\\\Проект Температруный монитор\\\\Arduino_GitHub\\\\Termometer_C-F\\\\Termometer_C-F.ino\"\nvoid setup() {\n  Serial.begin(9600);   // Инициализация монитора порта\n  ds.begin();                 // Инициализация датчика ds18b20\n}\n\nvoid loop() {\n\nds.requestTemperatures();\nSerial.print(\"Celsius temperature: \");\n  // \"Температура в Цельсиях: \"\n  // Почему \"byIndex\"? к одной шине может быть подключено \n  // больше одного датчика; самое первое устройство на шине - это \"0\":\n  //float temperatureC = ds.getTempCByIndex(0);\n  Serial.print(ds.getTempCByIndex(0));\n  Serial.print(\" - Fahrenheit temperature: \");\n  //  \" - Температура в Фаренгейтах: \"\n  Serial.println(ds.getTempFByIndex(0));\n  delay(1000);\n}\n"}}}Content-Length: 222

{"jsonrpc":"2.0","id":"2","method":"textDocument/documentSymbol","params":{"textDocument":{"uri":"file:///c%3A/Users/%D1%80%D1%81/AppData/Local/Temp/arduino-language-server3567288431/build/sketch/Termometer_C-F.ino.cpp"}}}
<<<
Content-Length: 193

{"jsonrpc":"2.0","method":"textDocument/publishDiagnostics","params":{"diagnostics":[],"uri":"file:///c:/Users/%D1%80%D1%81/AppData/Local/Temp/arduino-language-server3567288431/build/.clangd"}}Content-Length: 193

{"jsonrpc":"2.0","method":"textDocument/publishDiagnostics","params":{"diagnostics":[],"uri":"file:///C:/Users/%D1%80%D1%81/AppData/Local/Temp/arduino-language-server3567288431/build/.clangd"}}Content-Length: 111

{"id":0,"jsonrpc":"2.0","method":"window/workDoneProgress/create","params":{"token":"backgroundIndexProgress"}}
>>>
Content-Length: 38

{"jsonrpc":"2.0","id":0,"result":null}
<<<
Content-Length: 143

{"jsonrpc":"2.0","method":"$/progress","params":{"token":"backgroundIndexProgress","value":{"kind":"begin","percentage":0,"title":"indexing"}}}Content-Length: 141

{"jsonrpc":"2.0","method":"$/progress","params":{"token":"backgroundIndexProgress","value":{"kind":"report","message":"0/1","percentage":0}}}Content-Length: 141

{"jsonrpc":"2.0","method":"$/progress","params":{"token":"backgroundIndexProgress","value":{"kind":"report","message":"0/2","percentage":0}}}Content-Length: 142

{"jsonrpc":"2.0","method":"$/progress","params":{"token":"backgroundIndexProgress","value":{"kind":"report","message":"1/2","percentage":50}}}Content-Length: 142

{"jsonrpc":"2.0","method":"$/progress","params":{"token":"backgroundIndexProgress","value":{"kind":"report","message":"1/2","percentage":50}}}Content-Length: 703

{"jsonrpc":"2.0","method":"textDocument/publishDiagnostics","params":{"diagnostics":[{"code":"pp_file_not_found","message":"In included file: 'stddef.h' file not found","range":{"end":{"character":10,"line":0},"start":{"character":9,"line":0}},"relatedInformation":[{"location":{"range":{"end":{"character":19,"line":47},"start":{"character":9,"line":47}},"uri":"file:///C:/Users/%D1%80%D1%81/AppData/Local/Arduino15/packages/arduino/tools/avr-gcc/7.3.0-atmel3.6.1-arduino7/avr/include/stdlib.h"},"message":"Error occurred here"}],"severity":1,"source":"clang"}],"uri":"file:///c:/Users/%D1%80%D1%81/AppData/Local/Temp/arduino-language-server3567288431/build/sketch/Termometer_C-F.ino.cpp","version":1}}Content-Length: 1295

{"id":"2","jsonrpc":"2.0","result":[{"detail":"OneWire","kind":13,"name":"oneWire","range":{"end":{"character":19,"line":12},"start":{"character":0,"line":12}},"selectionRange":{"end":{"character":15,"line":12},"start":{"character":8,"line":12}}},{"detail":"DallasTemperature","kind":13,"name":"ds","range":{"end":{"character":30,"line":13},"start":{"character":0,"line":13}},"selectionRange":{"end":{"character":20,"line":13},"start":{"character":18,"line":13}}},{"detail":"void ()","kind":12,"name":"setup","range":{"end":{"character":12,"line":16},"start":{"character":0,"line":16}},"selectionRange":{"end":{"character":10,"line":16},"start":{"character":5,"line":16}}},{"detail":"void ()","kind":12,"name":"loop","range":{"end":{"character":11,"line":18},"start":{"character":0,"line":18}},"selectionRange":{"end":{"character":9,"line":18},"start":{"character":5,"line":18}}},{"detail":"void ()","kind":12,"name":"setup","range":{"end":{"character":1,"line":23},"start":{"character":0,"line":20}},"selectionRange":{"end":{"character":10,"line":20},"start":{"character":5,"line":20}}},{"detail":"void ()","kind":12,"name":"loop","range":{"end":{"character":1,"line":38},"start":{"character":0,"line":25}},"selectionRange":{"end":{"character":9,"line":25},"start":{"character":5,"line":25}}}]}Content-Length: 107

{"jsonrpc":"2.0","method":"$/progress","params":{"token":"backgroundIndexProgress","value":{"kind":"end"}}}






Started logging.

>>>
Content-Length: 3119

{"jsonrpc":"2.0","id":"1","method":"initialize","params":{"processId":23792,"clientInfo":{"name":"vscode","version":"1.80.0"},"rootPath":"C:\\Users\\рс\\AppData\\Local\\Temp\\arduino-language-server774380856\\build\\sketch","rootUri":"file:///c%3A/Users/%D1%80%D1%81/AppData/Local/Temp/arduino-language-server774380856/build/sketch","initializationOptions":{},"capabilities":{"workspace":{"applyEdit":true,"workspaceEdit":{"documentChanges":true,"resourceOperations":["create","rename","delete"],"failureHandling":"textOnlyTransactional"},"didChangeConfiguration":{"dynamicRegistration":true},"didChangeWatchedFiles":{"dynamicRegistration":true},"symbol":{"dynamicRegistration":true,"symbolKind":{"valueSet":[1,2,3,4,5,6,7,8,9,10,11,12,13,14,15,16,17,18,19,20,21,22,23,24,25,26]}},"executeCommand":{"dynamicRegistration":true},"workspaceFolders":true,"configuration":true},"textDocument":{"synchronization":{"dynamicRegistration":true,"willSave":true,"willSaveWaitUntil":true,"didSave":true},"completion":{"dynamicRegistration":true,"completionItem":{"snippetSupport":true,"commitCharactersSupport":true,"documentationFormat":["markdown","plaintext"],"deprecatedSupport":true,"preselectSupport":true,"tagSupport":{"valueSet":[1]}},"completionItemKind":{"valueSet":[1,2,3,4,5,6,7,8,9,10,11,12,13,14,15,16,17,18,19,20,21,22,23,24,25]},"contextSupport":true},"hover":{"dynamicRegistration":true,"contentFormat":["markdown","plaintext"]},"signatureHelp":{"dynamicRegistration":true,"signatureInformation":{"documentationFormat":["markdown","plaintext"],"parameterInformation":{"labelOffsetSupport":true}},"contextSupport":true},"declaration":{"dynamicRegistration":true,"linkSupport":true},"definition":{"dynamicRegistration":true,"linkSupport":true},"typeDefinition":{"dynamicRegistration":true,"linkSupport":true},"implementation":{"dynamicRegistration":true,"linkSupport":true},"references":{"dynamicRegistration":true},"documentHighlight":{"dynamicRegistration":true},"documentSymbol":{"dynamicRegistration":true,"symbolKind":{"valueSet":[1,2,3,4,5,6,7,8,9,10,11,12,13,14,15,16,17,18,19,20,21,22,23,24,25,26]},"hierarchicalDocumentSymbolSupport":true},"codeAction":{"dynamicRegistration":true,"codeActionLiteralSupport":{"codeActionKind":{"valueSet":["","quickfix","refactor","refactor.extract","refactor.inline","refactor.rewrite","source","source.organizeImports"]}},"isPreferredSupport":true},"codeLens":{"dynamicRegistration":true},"documentLink":{"dynamicRegistration":true,"tooltipSupport":true},"colorProvider":{"dynamicRegistration":true},"formatting":{"dynamicRegistration":true},"rangeFormatting":{"dynamicRegistration":true},"onTypeFormatting":{"dynamicRegistration":true},"rename":{"dynamicRegistration":true,"prepareSupport":true},"publishDiagnostics":{"relatedInformation":true,"tagSupport":{"valueSet":[1,2]}},"foldingRange":{"dynamicRegistration":true,"rangeLimit":5000,"lineFoldingOnly":true},"selectionRange":{"dynamicRegistration":true}},"window":{"workDoneProgress":true}},"trace":"off","workspaceFolders":[{"uri":"file:///d%3A/Arduino_GitHub/Termometer/Termometer_C-F","name":"Termometer_C-F"}]}}
<<<
Content-Length: 1905

{"id":"1","jsonrpc":"2.0","result":{"capabilities":{"astProvider":true,"callHierarchyProvider":true,"clangdInlayHintsProvider":true,"codeActionProvider":{"codeActionKinds":["quickfix","refactor","info"]},"compilationDatabase":{"automaticReload":true},"completionProvider":{"allCommitCharacters":[" ","\t","(",")","[","]","{","}","<",">",":",";",",","+","-","/","*","%","^","&","#","?",".","=","\"","'","|"],"resolveProvider":false,"triggerCharacters":[".","<",">",":","\"","/","*"]},"declarationProvider":true,"definitionProvider":true,"documentFormattingProvider":true,"documentHighlightProvider":true,"documentLinkProvider":{"resolveProvider":false},"documentOnTypeFormattingProvider":{"firstTriggerCharacter":"\n","moreTriggerCharacter":[]},"documentRangeFormattingProvider":true,"documentSymbolProvider":true,"executeCommandProvider":{"commands":["clangd.applyFix","clangd.applyTweak"]},"hoverProvider":true,"implementationProvider":true,"memoryUsageProvider":true,"referencesProvider":true,"renameProvider":{"prepareProvider":true},"selectionRangeProvider":true,"semanticTokensProvider":{"full":{"delta":true},"legend":{"tokenModifiers":["declaration","deprecated","deduced","readonly","static","abstract","virtual","dependentName","defaultLibrary","usedAsMutableReference","functionScope","classScope","fileScope","globalScope"],"tokenTypes":["variable","variable","parameter","function","method","function","property","variable","class","interface","enum","enumMember","type","type","unknown","namespace","typeParameter","concept","type","macro","comment"]},"range":false},"signatureHelpProvider":{"triggerCharacters":["(",")","{","}","<",">",","]},"textDocumentSync":{"change":2,"openClose":true,"save":true},"typeDefinitionProvider":true,"typeHierarchyProvider":true,"workspaceSymbolProvider":true},"serverInfo":{"name":"clangd","version":"clangd version 14.0.0 windows x86_64-pc-windows-msvc"}}}
>>>
Content-Length: 52

{"jsonrpc":"2.0","method":"initialized","params":{}}Content-Length: 1757

{"jsonrpc":"2.0","method":"textDocument/didOpen","params":{"textDocument":{"uri":"file:///c%3A/Users/%D1%80%D1%81/AppData/Local/Temp/arduino-language-server774380856/build/sketch/Termometer_C-F.ino.cpp","languageId":"cpp","version":1,"text":"#include \u003cArduino.h\u003e\n#line 1 \"D:\\\\Arduino_GitHub\\\\Termometer\\\\Termometer_C-F\\\\Termometer_C-F.ino\"\n/*1янв25\nТермометр C / F\nПроект 9\nScriptor42\n*/\n/*Сборный скетч */\n\n#include \"OneWire.h\"\n#include \"DallasTemperature.h\"\n \nOneWire oneWire(10);  // Порт подключения датчиков\nDallasTemperature ds(\u0026oneWire);\n\n#line 14 \"D:\\\\Arduino_GitHub\\\\Termometer\\\\Termometer_C-F\\\\Termometer_C-F.ino\"\nvoid setup();\n#line 19 \"D:\\\\Arduino_GitHub\\\\Termometer\\\\Termometer_C-F\\\\Termometer_C-F.ino\"\nvoid loop();\n#line 14 \"D:\\\\Arduino_GitHub\\\\Termometer\\\\Termometer_C-F\\\\Termometer_C-F.ino\"\nvoid setup() {\n  Serial.begin(9600);   // Инициализация монитора порта\n  ds.begin();                 // Инициализация датчика ds18b20\n}\n\nvoid loop() {\n\nds.requestTemperatures();\nSerial.print(\"Celsius temperature: \");\n  // \"Температура в Цельсиях: \"\n  // Почему \"byIndex\"? к одной шине может быть подключено \n  // больше одного датчика; самое первое устройство на шине - это \"0\":\n  //float temperatureC = ds.getTempCByIndex(0);\n  Serial.print(ds.getTempCByIndex(0));\n  Serial.print(\" - Fahrenheit temperature: \");\n  //  \" - Температура в Фаренгейтах: \"\n  Serial.println(ds.getTempFByIndex(0));\n  delay(1000);\n}\n"}}}Content-Length: 320

{"jsonrpc":"2.0","id":"2","method":"textDocument/codeAction","params":{"textDocument":{"uri":"file:///c%3A/Users/%D1%80%D1%81/AppData/Local/Temp/arduino-language-server774380856/build/sketch/Termometer_C-F.ino.cpp"},"range":{"start":{"line":2,"character":0},"end":{"line":2,"character":0}},"context":{"diagnostics":[]}}}
<<<
Content-Length: 192

{"jsonrpc":"2.0","method":"textDocument/publishDiagnostics","params":{"diagnostics":[],"uri":"file:///c:/Users/%D1%80%D1%81/AppData/Local/Temp/arduino-language-server774380856/build/.clangd"}}Content-Length: 192

{"jsonrpc":"2.0","method":"textDocument/publishDiagnostics","params":{"diagnostics":[],"uri":"file:///C:/Users/%D1%80%D1%81/AppData/Local/Temp/arduino-language-server774380856/build/.clangd"}}Content-Length: 111

{"id":0,"jsonrpc":"2.0","method":"window/workDoneProgress/create","params":{"token":"backgroundIndexProgress"}}
>>>
Content-Length: 38

{"jsonrpc":"2.0","id":0,"result":null}
<<<
Content-Length: 143

{"jsonrpc":"2.0","method":"$/progress","params":{"token":"backgroundIndexProgress","value":{"kind":"begin","percentage":0,"title":"indexing"}}}Content-Length: 141

{"jsonrpc":"2.0","method":"$/progress","params":{"token":"backgroundIndexProgress","value":{"kind":"report","message":"0/1","percentage":0}}}Content-Length: 141

{"jsonrpc":"2.0","method":"$/progress","params":{"token":"backgroundIndexProgress","value":{"kind":"report","message":"0/2","percentage":0}}}Content-Length: 142

{"jsonrpc":"2.0","method":"$/progress","params":{"token":"backgroundIndexProgress","value":{"kind":"report","message":"1/2","percentage":50}}}Content-Length: 142

{"jsonrpc":"2.0","method":"$/progress","params":{"token":"backgroundIndexProgress","value":{"kind":"report","message":"1/2","percentage":50}}}Content-Length: 702

{"jsonrpc":"2.0","method":"textDocument/publishDiagnostics","params":{"diagnostics":[{"code":"pp_file_not_found","message":"In included file: 'stddef.h' file not found","range":{"end":{"character":10,"line":0},"start":{"character":9,"line":0}},"relatedInformation":[{"location":{"range":{"end":{"character":19,"line":47},"start":{"character":9,"line":47}},"uri":"file:///C:/Users/%D1%80%D1%81/AppData/Local/Arduino15/packages/arduino/tools/avr-gcc/7.3.0-atmel3.6.1-arduino7/avr/include/stdlib.h"},"message":"Error occurred here"}],"severity":1,"source":"clang"}],"uri":"file:///c:/Users/%D1%80%D1%81/AppData/Local/Temp/arduino-language-server774380856/build/sketch/Termometer_C-F.ino.cpp","version":1}}Content-Length: 38

{"id":"2","jsonrpc":"2.0","result":[]}
>>>
Content-Length: 221

{"jsonrpc":"2.0","id":"3","method":"textDocument/documentSymbol","params":{"textDocument":{"uri":"file:///c%3A/Users/%D1%80%D1%81/AppData/Local/Temp/arduino-language-server774380856/build/sketch/Termometer_C-F.ino.cpp"}}}
<<<
Content-Length: 1295

{"id":"3","jsonrpc":"2.0","result":[{"detail":"OneWire","kind":13,"name":"oneWire","range":{"end":{"character":19,"line":12},"start":{"character":0,"line":12}},"selectionRange":{"end":{"character":15,"line":12},"start":{"character":8,"line":12}}},{"detail":"DallasTemperature","kind":13,"name":"ds","range":{"end":{"character":30,"line":13},"start":{"character":0,"line":13}},"selectionRange":{"end":{"character":20,"line":13},"start":{"character":18,"line":13}}},{"detail":"void ()","kind":12,"name":"setup","range":{"end":{"character":12,"line":16},"start":{"character":0,"line":16}},"selectionRange":{"end":{"character":10,"line":16},"start":{"character":5,"line":16}}},{"detail":"void ()","kind":12,"name":"loop","range":{"end":{"character":11,"line":18},"start":{"character":0,"line":18}},"selectionRange":{"end":{"character":9,"line":18},"start":{"character":5,"line":18}}},{"detail":"void ()","kind":12,"name":"setup","range":{"end":{"character":1,"line":23},"start":{"character":0,"line":20}},"selectionRange":{"end":{"character":10,"line":20},"start":{"character":5,"line":20}}},{"detail":"void ()","kind":12,"name":"loop","range":{"end":{"character":1,"line":38},"start":{"character":0,"line":25}},"selectionRange":{"end":{"character":9,"line":25},"start":{"character":5,"line":25}}}]}Content-Length: 107

{"jsonrpc":"2.0","method":"$/progress","params":{"token":"backgroundIndexProgress","value":{"kind":"end"}}}
>>>
Content-Length: 205

{"jsonrpc":"2.0","method":"textDocument/didSave","params":{"textDocument":{"uri":"file:///c%3A/Users/%D1%80%D1%81/AppData/Local/Temp/arduino-language-server774380856/build/sketch/Termometer_C-F.ino.cpp"}}}Content-Length: 1761

{"jsonrpc":"2.0","method":"textDocument/didChange","params":{"textDocument":{"uri":"file:///c%3A/Users/%D1%80%D1%81/AppData/Local/Temp/arduino-language-server774380856/build/sketch/Termometer_C-F.ino.cpp","version":2},"contentChanges":[{"text":"#include \u003cArduino.h\u003e\n#line 1 \"D:\\\\Arduino_GitHub\\\\Termometer\\\\Termometer_C-F\\\\Termometer_C-F.ino\"\n/*1янв25\nТермометр C / F\nПроект 9\nScriptor42\n*/\n/*Сборный скетч */\n\n#include \"OneWire.h\"\n#include \"DallasTemperature.h\"\n \nOneWire oneWire(10);  // Порт подключения датчиков\nDallasTemperature ds(\u0026oneWire);\n\n#line 14 \"D:\\\\Arduino_GitHub\\\\Termometer\\\\Termometer_C-F\\\\Termometer_C-F.ino\"\nvoid setup();\n#line 19 \"D:\\\\Arduino_GitHub\\\\Termometer\\\\Termometer_C-F\\\\Termometer_C-F.ino\"\nvoid loop();\n#line 14 \"D:\\\\Arduino_GitHub\\\\Termometer\\\\Termometer_C-F\\\\Termometer_C-F.ino\"\nvoid setup() {\n  Serial.begin(9600);   // Инициализация монитора порта\n  ds.begin();                 // Инициализация датчика ds18b20\n}\n\nvoid loop() {\n\nds.requestTemperatures();\nSerial.print(\"Celsius temperature: \");\n  // \"Температура в Цельсиях: \"\n  // Почему \"byIndex\"? к одной шине может быть подключено \n  // больше одного датчика; самое первое устройство на шине - это \"0\":\n  //float temperatureC = ds.getTempCByIndex(0);\n  Serial.print(ds.getTempCByIndex(0));\n  Serial.print(\" - Fahrenheit temperature: \");\n  //  \" - Температура в Фаренгейтах: \"\n  Serial.println(ds.getTempFByIndex(0));\n  delay(1000);\n}\n"}]}}
<<<
Content-Length: 111

{"id":1,"jsonrpc":"2.0","method":"window/workDoneProgress/create","params":{"token":"backgroundIndexProgress"}}
>>>
Content-Length: 38

{"jsonrpc":"2.0","id":1,"result":null}
<<<
Content-Length: 143

{"jsonrpc":"2.0","method":"$/progress","params":{"token":"backgroundIndexProgress","value":{"kind":"begin","percentage":0,"title":"indexing"}}}Content-Length: 141

{"jsonrpc":"2.0","method":"$/progress","params":{"token":"backgroundIndexProgress","value":{"kind":"report","message":"0/1","percentage":0}}}Content-Length: 141

{"jsonrpc":"2.0","method":"$/progress","params":{"token":"backgroundIndexProgress","value":{"kind":"report","message":"0/1","percentage":0}}}Content-Length: 107

{"jsonrpc":"2.0","method":"$/progress","params":{"token":"backgroundIndexProgress","value":{"kind":"end"}}}
>>>
Content-Length: 250

{"jsonrpc":"2.0","id":"4","method":"textDocument/hover","params":{"textDocument":{"uri":"file:///c%3A/Users/%D1%80%D1%81/AppData/Local/Temp/arduino-language-server774380856/build/sketch/Termometer_C-F.ino.cpp"},"position":{"line":22,"character":50}}}
<<<
Content-Length: 40

{"id":"4","jsonrpc":"2.0","result":null}
>>>
Content-Length: 250

{"jsonrpc":"2.0","id":"5","method":"textDocument/hover","params":{"textDocument":{"uri":"file:///c%3A/Users/%D1%80%D1%81/AppData/Local/Temp/arduino-language-server774380856/build/sketch/Termometer_C-F.ino.cpp"},"position":{"line":22,"character":49}}}
<<<
Content-Length: 40

{"id":"5","jsonrpc":"2.0","result":null}
>>>
Content-Length: 250

{"jsonrpc":"2.0","id":"6","method":"textDocument/hover","params":{"textDocument":{"uri":"file:///c%3A/Users/%D1%80%D1%81/AppData/Local/Temp/arduino-language-server774380856/build/sketch/Termometer_C-F.ino.cpp"},"position":{"line":22,"character":49}}}
<<<
Content-Length: 40

{"id":"6","jsonrpc":"2.0","result":null}






Started logging.

>>>
Content-Length: 3120

{"jsonrpc":"2.0","id":"1","method":"initialize","params":{"processId":8612,"clientInfo":{"name":"vscode","version":"1.80.0"},"rootPath":"C:\\Users\\рс\\AppData\\Local\\Temp\\arduino-language-server2684939168\\build\\sketch","rootUri":"file:///c%3A/Users/%D1%80%D1%81/AppData/Local/Temp/arduino-language-server2684939168/build/sketch","initializationOptions":{},"capabilities":{"workspace":{"applyEdit":true,"workspaceEdit":{"documentChanges":true,"resourceOperations":["create","rename","delete"],"failureHandling":"textOnlyTransactional"},"didChangeConfiguration":{"dynamicRegistration":true},"didChangeWatchedFiles":{"dynamicRegistration":true},"symbol":{"dynamicRegistration":true,"symbolKind":{"valueSet":[1,2,3,4,5,6,7,8,9,10,11,12,13,14,15,16,17,18,19,20,21,22,23,24,25,26]}},"executeCommand":{"dynamicRegistration":true},"workspaceFolders":true,"configuration":true},"textDocument":{"synchronization":{"dynamicRegistration":true,"willSave":true,"willSaveWaitUntil":true,"didSave":true},"completion":{"dynamicRegistration":true,"completionItem":{"snippetSupport":true,"commitCharactersSupport":true,"documentationFormat":["markdown","plaintext"],"deprecatedSupport":true,"preselectSupport":true,"tagSupport":{"valueSet":[1]}},"completionItemKind":{"valueSet":[1,2,3,4,5,6,7,8,9,10,11,12,13,14,15,16,17,18,19,20,21,22,23,24,25]},"contextSupport":true},"hover":{"dynamicRegistration":true,"contentFormat":["markdown","plaintext"]},"signatureHelp":{"dynamicRegistration":true,"signatureInformation":{"documentationFormat":["markdown","plaintext"],"parameterInformation":{"labelOffsetSupport":true}},"contextSupport":true},"declaration":{"dynamicRegistration":true,"linkSupport":true},"definition":{"dynamicRegistration":true,"linkSupport":true},"typeDefinition":{"dynamicRegistration":true,"linkSupport":true},"implementation":{"dynamicRegistration":true,"linkSupport":true},"references":{"dynamicRegistration":true},"documentHighlight":{"dynamicRegistration":true},"documentSymbol":{"dynamicRegistration":true,"symbolKind":{"valueSet":[1,2,3,4,5,6,7,8,9,10,11,12,13,14,15,16,17,18,19,20,21,22,23,24,25,26]},"hierarchicalDocumentSymbolSupport":true},"codeAction":{"dynamicRegistration":true,"codeActionLiteralSupport":{"codeActionKind":{"valueSet":["","quickfix","refactor","refactor.extract","refactor.inline","refactor.rewrite","source","source.organizeImports"]}},"isPreferredSupport":true},"codeLens":{"dynamicRegistration":true},"documentLink":{"dynamicRegistration":true,"tooltipSupport":true},"colorProvider":{"dynamicRegistration":true},"formatting":{"dynamicRegistration":true},"rangeFormatting":{"dynamicRegistration":true},"onTypeFormatting":{"dynamicRegistration":true},"rename":{"dynamicRegistration":true,"prepareSupport":true},"publishDiagnostics":{"relatedInformation":true,"tagSupport":{"valueSet":[1,2]}},"foldingRange":{"dynamicRegistration":true,"rangeLimit":5000,"lineFoldingOnly":true},"selectionRange":{"dynamicRegistration":true}},"window":{"workDoneProgress":true}},"trace":"off","workspaceFolders":[{"uri":"file:///d%3A/Arduino_GitHub/Termometer/Termometer_C-F","name":"Termometer_C-F"}]}}
<<<
Content-Length: 1905

{"id":"1","jsonrpc":"2.0","result":{"capabilities":{"astProvider":true,"callHierarchyProvider":true,"clangdInlayHintsProvider":true,"codeActionProvider":{"codeActionKinds":["quickfix","refactor","info"]},"compilationDatabase":{"automaticReload":true},"completionProvider":{"allCommitCharacters":[" ","\t","(",")","[","]","{","}","<",">",":",";",",","+","-","/","*","%","^","&","#","?",".","=","\"","'","|"],"resolveProvider":false,"triggerCharacters":[".","<",">",":","\"","/","*"]},"declarationProvider":true,"definitionProvider":true,"documentFormattingProvider":true,"documentHighlightProvider":true,"documentLinkProvider":{"resolveProvider":false},"documentOnTypeFormattingProvider":{"firstTriggerCharacter":"\n","moreTriggerCharacter":[]},"documentRangeFormattingProvider":true,"documentSymbolProvider":true,"executeCommandProvider":{"commands":["clangd.applyFix","clangd.applyTweak"]},"hoverProvider":true,"implementationProvider":true,"memoryUsageProvider":true,"referencesProvider":true,"renameProvider":{"prepareProvider":true},"selectionRangeProvider":true,"semanticTokensProvider":{"full":{"delta":true},"legend":{"tokenModifiers":["declaration","deprecated","deduced","readonly","static","abstract","virtual","dependentName","defaultLibrary","usedAsMutableReference","functionScope","classScope","fileScope","globalScope"],"tokenTypes":["variable","variable","parameter","function","method","function","property","variable","class","interface","enum","enumMember","type","type","unknown","namespace","typeParameter","concept","type","macro","comment"]},"range":false},"signatureHelpProvider":{"triggerCharacters":["(",")","{","}","<",">",","]},"textDocumentSync":{"change":2,"openClose":true,"save":true},"typeDefinitionProvider":true,"typeHierarchyProvider":true,"workspaceSymbolProvider":true},"serverInfo":{"name":"clangd","version":"clangd version 14.0.0 windows x86_64-pc-windows-msvc"}}}
>>>
Content-Length: 52

{"jsonrpc":"2.0","method":"initialized","params":{}}Content-Length: 1758

{"jsonrpc":"2.0","method":"textDocument/didOpen","params":{"textDocument":{"uri":"file:///c%3A/Users/%D1%80%D1%81/AppData/Local/Temp/arduino-language-server2684939168/build/sketch/Termometer_C-F.ino.cpp","languageId":"cpp","version":1,"text":"#include \u003cArduino.h\u003e\n#line 1 \"D:\\\\Arduino_GitHub\\\\Termometer\\\\Termometer_C-F\\\\Termometer_C-F.ino\"\n/*1янв25\nТермометр C / F\nПроект 9\nScriptor42\n*/\n/*Сборный скетч */\n\n#include \"OneWire.h\"\n#include \"DallasTemperature.h\"\n \nOneWire oneWire(10);  // Порт подключения датчиков\nDallasTemperature ds(\u0026oneWire);\n\n#line 14 \"D:\\\\Arduino_GitHub\\\\Termometer\\\\Termometer_C-F\\\\Termometer_C-F.ino\"\nvoid setup();\n#line 19 \"D:\\\\Arduino_GitHub\\\\Termometer\\\\Termometer_C-F\\\\Termometer_C-F.ino\"\nvoid loop();\n#line 14 \"D:\\\\Arduino_GitHub\\\\Termometer\\\\Termometer_C-F\\\\Termometer_C-F.ino\"\nvoid setup() {\n  Serial.begin(9600);   // Инициализация монитора порта\n  ds.begin();                 // Инициализация датчика ds18b20\n}\n\nvoid loop() {\n\nds.requestTemperatures();\nSerial.print(\"Celsius temperature: \");\n  // \"Температура в Цельсиях: \"\n  // Почему \"byIndex\"? к одной шине может быть подключено \n  // больше одного датчика; самое первое устройство на шине - это \"0\":\n  //float temperatureC = ds.getTempCByIndex(0);\n  Serial.print(ds.getTempCByIndex(0));\n  Serial.print(\" - Fahrenheit temperature: \");\n  //  \" - Температура в Фаренгейтах: \"\n  Serial.println(ds.getTempFByIndex(0));\n  delay(1000);\n}\n"}}}Content-Length: 321

{"jsonrpc":"2.0","id":"2","method":"textDocument/codeAction","params":{"textDocument":{"uri":"file:///c%3A/Users/%D1%80%D1%81/AppData/Local/Temp/arduino-language-server2684939168/build/sketch/Termometer_C-F.ino.cpp"},"range":{"start":{"line":2,"character":0},"end":{"line":2,"character":0}},"context":{"diagnostics":[]}}}
<<<
Content-Length: 193

{"jsonrpc":"2.0","method":"textDocument/publishDiagnostics","params":{"diagnostics":[],"uri":"file:///c:/Users/%D1%80%D1%81/AppData/Local/Temp/arduino-language-server2684939168/build/.clangd"}}Content-Length: 193

{"jsonrpc":"2.0","method":"textDocument/publishDiagnostics","params":{"diagnostics":[],"uri":"file:///C:/Users/%D1%80%D1%81/AppData/Local/Temp/arduino-language-server2684939168/build/.clangd"}}Content-Length: 111

{"id":0,"jsonrpc":"2.0","method":"window/workDoneProgress/create","params":{"token":"backgroundIndexProgress"}}
>>>
Content-Length: 38

{"jsonrpc":"2.0","id":0,"result":null}
<<<
Content-Length: 143

{"jsonrpc":"2.0","method":"$/progress","params":{"token":"backgroundIndexProgress","value":{"kind":"begin","percentage":0,"title":"indexing"}}}Content-Length: 141

{"jsonrpc":"2.0","method":"$/progress","params":{"token":"backgroundIndexProgress","value":{"kind":"report","message":"0/1","percentage":0}}}Content-Length: 141

{"jsonrpc":"2.0","method":"$/progress","params":{"token":"backgroundIndexProgress","value":{"kind":"report","message":"0/2","percentage":0}}}Content-Length: 142

{"jsonrpc":"2.0","method":"$/progress","params":{"token":"backgroundIndexProgress","value":{"kind":"report","message":"1/2","percentage":50}}}Content-Length: 142

{"jsonrpc":"2.0","method":"$/progress","params":{"token":"backgroundIndexProgress","value":{"kind":"report","message":"1/2","percentage":50}}}Content-Length: 703

{"jsonrpc":"2.0","method":"textDocument/publishDiagnostics","params":{"diagnostics":[{"code":"pp_file_not_found","message":"In included file: 'stddef.h' file not found","range":{"end":{"character":10,"line":0},"start":{"character":9,"line":0}},"relatedInformation":[{"location":{"range":{"end":{"character":19,"line":47},"start":{"character":9,"line":47}},"uri":"file:///C:/Users/%D1%80%D1%81/AppData/Local/Arduino15/packages/arduino/tools/avr-gcc/7.3.0-atmel3.6.1-arduino7/avr/include/stdlib.h"},"message":"Error occurred here"}],"severity":1,"source":"clang"}],"uri":"file:///c:/Users/%D1%80%D1%81/AppData/Local/Temp/arduino-language-server2684939168/build/sketch/Termometer_C-F.ino.cpp","version":1}}Content-Length: 38

{"id":"2","jsonrpc":"2.0","result":[]}
>>>
Content-Length: 222

{"jsonrpc":"2.0","id":"3","method":"textDocument/documentSymbol","params":{"textDocument":{"uri":"file:///c%3A/Users/%D1%80%D1%81/AppData/Local/Temp/arduino-language-server2684939168/build/sketch/Termometer_C-F.ino.cpp"}}}
<<<
Content-Length: 1295

{"id":"3","jsonrpc":"2.0","result":[{"detail":"OneWire","kind":13,"name":"oneWire","range":{"end":{"character":19,"line":12},"start":{"character":0,"line":12}},"selectionRange":{"end":{"character":15,"line":12},"start":{"character":8,"line":12}}},{"detail":"DallasTemperature","kind":13,"name":"ds","range":{"end":{"character":30,"line":13},"start":{"character":0,"line":13}},"selectionRange":{"end":{"character":20,"line":13},"start":{"character":18,"line":13}}},{"detail":"void ()","kind":12,"name":"setup","range":{"end":{"character":12,"line":16},"start":{"character":0,"line":16}},"selectionRange":{"end":{"character":10,"line":16},"start":{"character":5,"line":16}}},{"detail":"void ()","kind":12,"name":"loop","range":{"end":{"character":11,"line":18},"start":{"character":0,"line":18}},"selectionRange":{"end":{"character":9,"line":18},"start":{"character":5,"line":18}}},{"detail":"void ()","kind":12,"name":"setup","range":{"end":{"character":1,"line":23},"start":{"character":0,"line":20}},"selectionRange":{"end":{"character":10,"line":20},"start":{"character":5,"line":20}}},{"detail":"void ()","kind":12,"name":"loop","range":{"end":{"character":1,"line":38},"start":{"character":0,"line":25}},"selectionRange":{"end":{"character":9,"line":25},"start":{"character":5,"line":25}}}]}Content-Length: 107

{"jsonrpc":"2.0","method":"$/progress","params":{"token":"backgroundIndexProgress","value":{"kind":"end"}}}
>>>
Content-Length: 206

{"jsonrpc":"2.0","method":"textDocument/didSave","params":{"textDocument":{"uri":"file:///c%3A/Users/%D1%80%D1%81/AppData/Local/Temp/arduino-language-server2684939168/build/sketch/Termometer_C-F.ino.cpp"}}}Content-Length: 1762

{"jsonrpc":"2.0","method":"textDocument/didChange","params":{"textDocument":{"uri":"file:///c%3A/Users/%D1%80%D1%81/AppData/Local/Temp/arduino-language-server2684939168/build/sketch/Termometer_C-F.ino.cpp","version":2},"contentChanges":[{"text":"#include \u003cArduino.h\u003e\n#line 1 \"D:\\\\Arduino_GitHub\\\\Termometer\\\\Termometer_C-F\\\\Termometer_C-F.ino\"\n/*1янв25\nТермометр C / F\nПроект 9\nScriptor42\n*/\n/*Сборный скетч */\n\n#include \"OneWire.h\"\n#include \"DallasTemperature.h\"\n \nOneWire oneWire(10);  // Порт подключения датчиков\nDallasTemperature ds(\u0026oneWire);\n\n#line 14 \"D:\\\\Arduino_GitHub\\\\Termometer\\\\Termometer_C-F\\\\Termometer_C-F.ino\"\nvoid setup();\n#line 19 \"D:\\\\Arduino_GitHub\\\\Termometer\\\\Termometer_C-F\\\\Termometer_C-F.ino\"\nvoid loop();\n#line 14 \"D:\\\\Arduino_GitHub\\\\Termometer\\\\Termometer_C-F\\\\Termometer_C-F.ino\"\nvoid setup() {\n  Serial.begin(9600);   // Инициализация монитора порта\n  ds.begin();                 // Инициализация датчика ds18b20\n}\n\nvoid loop() {\n\nds.requestTemperatures();\nSerial.print(\"Celsius temperature: \");\n  // \"Температура в Цельсиях: \"\n  // Почему \"byIndex\"? к одной шине может быть подключено \n  // больше одного датчика; самое первое устройство на шине - это \"0\":\n  //float temperatureC = ds.getTempCByIndex(0);\n  Serial.print(ds.getTempCByIndex(0));\n  Serial.print(\" - Fahrenheit temperature: \");\n  //  \" - Температура в Фаренгейтах: \"\n  Serial.println(ds.getTempFByIndex(0));\n  delay(1000);\n}\n"}]}}
<<<
Content-Length: 111

{"id":1,"jsonrpc":"2.0","method":"window/workDoneProgress/create","params":{"token":"backgroundIndexProgress"}}
>>>
Content-Length: 38

{"jsonrpc":"2.0","id":1,"result":null}
<<<
Content-Length: 143

{"jsonrpc":"2.0","method":"$/progress","params":{"token":"backgroundIndexProgress","value":{"kind":"begin","percentage":0,"title":"indexing"}}}Content-Length: 141

{"jsonrpc":"2.0","method":"$/progress","params":{"token":"backgroundIndexProgress","value":{"kind":"report","message":"0/1","percentage":0}}}Content-Length: 141

{"jsonrpc":"2.0","method":"$/progress","params":{"token":"backgroundIndexProgress","value":{"kind":"report","message":"0/1","percentage":0}}}Content-Length: 107

{"jsonrpc":"2.0","method":"$/progress","params":{"token":"backgroundIndexProgress","value":{"kind":"end"}}}






Started logging.

>>>
Content-Length: 3121

{"jsonrpc":"2.0","id":"1","method":"initialize","params":{"processId":22480,"clientInfo":{"name":"vscode","version":"1.80.0"},"rootPath":"C:\\Users\\рс\\AppData\\Local\\Temp\\arduino-language-server1387404141\\build\\sketch","rootUri":"file:///c%3A/Users/%D1%80%D1%81/AppData/Local/Temp/arduino-language-server1387404141/build/sketch","initializationOptions":{},"capabilities":{"workspace":{"applyEdit":true,"workspaceEdit":{"documentChanges":true,"resourceOperations":["create","rename","delete"],"failureHandling":"textOnlyTransactional"},"didChangeConfiguration":{"dynamicRegistration":true},"didChangeWatchedFiles":{"dynamicRegistration":true},"symbol":{"dynamicRegistration":true,"symbolKind":{"valueSet":[1,2,3,4,5,6,7,8,9,10,11,12,13,14,15,16,17,18,19,20,21,22,23,24,25,26]}},"executeCommand":{"dynamicRegistration":true},"workspaceFolders":true,"configuration":true},"textDocument":{"synchronization":{"dynamicRegistration":true,"willSave":true,"willSaveWaitUntil":true,"didSave":true},"completion":{"dynamicRegistration":true,"completionItem":{"snippetSupport":true,"commitCharactersSupport":true,"documentationFormat":["markdown","plaintext"],"deprecatedSupport":true,"preselectSupport":true,"tagSupport":{"valueSet":[1]}},"completionItemKind":{"valueSet":[1,2,3,4,5,6,7,8,9,10,11,12,13,14,15,16,17,18,19,20,21,22,23,24,25]},"contextSupport":true},"hover":{"dynamicRegistration":true,"contentFormat":["markdown","plaintext"]},"signatureHelp":{"dynamicRegistration":true,"signatureInformation":{"documentationFormat":["markdown","plaintext"],"parameterInformation":{"labelOffsetSupport":true}},"contextSupport":true},"declaration":{"dynamicRegistration":true,"linkSupport":true},"definition":{"dynamicRegistration":true,"linkSupport":true},"typeDefinition":{"dynamicRegistration":true,"linkSupport":true},"implementation":{"dynamicRegistration":true,"linkSupport":true},"references":{"dynamicRegistration":true},"documentHighlight":{"dynamicRegistration":true},"documentSymbol":{"dynamicRegistration":true,"symbolKind":{"valueSet":[1,2,3,4,5,6,7,8,9,10,11,12,13,14,15,16,17,18,19,20,21,22,23,24,25,26]},"hierarchicalDocumentSymbolSupport":true},"codeAction":{"dynamicRegistration":true,"codeActionLiteralSupport":{"codeActionKind":{"valueSet":["","quickfix","refactor","refactor.extract","refactor.inline","refactor.rewrite","source","source.organizeImports"]}},"isPreferredSupport":true},"codeLens":{"dynamicRegistration":true},"documentLink":{"dynamicRegistration":true,"tooltipSupport":true},"colorProvider":{"dynamicRegistration":true},"formatting":{"dynamicRegistration":true},"rangeFormatting":{"dynamicRegistration":true},"onTypeFormatting":{"dynamicRegistration":true},"rename":{"dynamicRegistration":true,"prepareSupport":true},"publishDiagnostics":{"relatedInformation":true,"tagSupport":{"valueSet":[1,2]}},"foldingRange":{"dynamicRegistration":true,"rangeLimit":5000,"lineFoldingOnly":true},"selectionRange":{"dynamicRegistration":true}},"window":{"workDoneProgress":true}},"trace":"off","workspaceFolders":[{"uri":"file:///d%3A/Arduino_GitHub/Termometer/Termometer_C-F","name":"Termometer_C-F"}]}}
<<<
Content-Length: 1905

{"id":"1","jsonrpc":"2.0","result":{"capabilities":{"astProvider":true,"callHierarchyProvider":true,"clangdInlayHintsProvider":true,"codeActionProvider":{"codeActionKinds":["quickfix","refactor","info"]},"compilationDatabase":{"automaticReload":true},"completionProvider":{"allCommitCharacters":[" ","\t","(",")","[","]","{","}","<",">",":",";",",","+","-","/","*","%","^","&","#","?",".","=","\"","'","|"],"resolveProvider":false,"triggerCharacters":[".","<",">",":","\"","/","*"]},"declarationProvider":true,"definitionProvider":true,"documentFormattingProvider":true,"documentHighlightProvider":true,"documentLinkProvider":{"resolveProvider":false},"documentOnTypeFormattingProvider":{"firstTriggerCharacter":"\n","moreTriggerCharacter":[]},"documentRangeFormattingProvider":true,"documentSymbolProvider":true,"executeCommandProvider":{"commands":["clangd.applyFix","clangd.applyTweak"]},"hoverProvider":true,"implementationProvider":true,"memoryUsageProvider":true,"referencesProvider":true,"renameProvider":{"prepareProvider":true},"selectionRangeProvider":true,"semanticTokensProvider":{"full":{"delta":true},"legend":{"tokenModifiers":["declaration","deprecated","deduced","readonly","static","abstract","virtual","dependentName","defaultLibrary","usedAsMutableReference","functionScope","classScope","fileScope","globalScope"],"tokenTypes":["variable","variable","parameter","function","method","function","property","variable","class","interface","enum","enumMember","type","type","unknown","namespace","typeParameter","concept","type","macro","comment"]},"range":false},"signatureHelpProvider":{"triggerCharacters":["(",")","{","}","<",">",","]},"textDocumentSync":{"change":2,"openClose":true,"save":true},"typeDefinitionProvider":true,"typeHierarchyProvider":true,"workspaceSymbolProvider":true},"serverInfo":{"name":"clangd","version":"clangd version 14.0.0 windows x86_64-pc-windows-msvc"}}}
>>>
Content-Length: 52

{"jsonrpc":"2.0","method":"initialized","params":{}}Content-Length: 1758

{"jsonrpc":"2.0","method":"textDocument/didOpen","params":{"textDocument":{"uri":"file:///c%3A/Users/%D1%80%D1%81/AppData/Local/Temp/arduino-language-server1387404141/build/sketch/Termometer_C-F.ino.cpp","languageId":"cpp","version":1,"text":"#include \u003cArduino.h\u003e\n#line 1 \"D:\\\\Arduino_GitHub\\\\Termometer\\\\Termometer_C-F\\\\Termometer_C-F.ino\"\n/*1янв25\nТермометр C / F\nПроект 9\nScriptor42\n*/\n/*Сборный скетч */\n\n#include \"OneWire.h\"\n#include \"DallasTemperature.h\"\n \nOneWire oneWire(10);  // Порт подключения датчиков\nDallasTemperature ds(\u0026oneWire);\n\n#line 14 \"D:\\\\Arduino_GitHub\\\\Termometer\\\\Termometer_C-F\\\\Termometer_C-F.ino\"\nvoid setup();\n#line 19 \"D:\\\\Arduino_GitHub\\\\Termometer\\\\Termometer_C-F\\\\Termometer_C-F.ino\"\nvoid loop();\n#line 14 \"D:\\\\Arduino_GitHub\\\\Termometer\\\\Termometer_C-F\\\\Termometer_C-F.ino\"\nvoid setup() {\n  Serial.begin(9600);   // Инициализация монитора порта\n  ds.begin();                 // Инициализация датчика ds18b20\n}\n\nvoid loop() {\n\nds.requestTemperatures();\nSerial.print(\"Celsius temperature: \");\n  // \"Температура в Цельсиях: \"\n  // Почему \"byIndex\"? к одной шине может быть подключено \n  // больше одного датчика; самое первое устройство на шине - это \"0\":\n  //float temperatureC = ds.getTempCByIndex(0);\n  Serial.print(ds.getTempCByIndex(0));\n  Serial.print(\" - Fahrenheit temperature: \");\n  //  \" - Температура в Фаренгейтах: \"\n  Serial.println(ds.getTempFByIndex(0));\n  delay(1000);\n}\n"}}}Content-Length: 323

{"jsonrpc":"2.0","id":"2","method":"textDocument/codeAction","params":{"textDocument":{"uri":"file:///c%3A/Users/%D1%80%D1%81/AppData/Local/Temp/arduino-language-server1387404141/build/sketch/Termometer_C-F.ino.cpp"},"range":{"start":{"line":38,"character":1},"end":{"line":38,"character":1}},"context":{"diagnostics":[]}}}
<<<
Content-Length: 193

{"jsonrpc":"2.0","method":"textDocument/publishDiagnostics","params":{"diagnostics":[],"uri":"file:///c:/Users/%D1%80%D1%81/AppData/Local/Temp/arduino-language-server1387404141/build/.clangd"}}Content-Length: 193

{"jsonrpc":"2.0","method":"textDocument/publishDiagnostics","params":{"diagnostics":[],"uri":"file:///C:/Users/%D1%80%D1%81/AppData/Local/Temp/arduino-language-server1387404141/build/.clangd"}}Content-Length: 111

{"id":0,"jsonrpc":"2.0","method":"window/workDoneProgress/create","params":{"token":"backgroundIndexProgress"}}
>>>
Content-Length: 38

{"jsonrpc":"2.0","id":0,"result":null}
<<<
Content-Length: 143

{"jsonrpc":"2.0","method":"$/progress","params":{"token":"backgroundIndexProgress","value":{"kind":"begin","percentage":0,"title":"indexing"}}}Content-Length: 141

{"jsonrpc":"2.0","method":"$/progress","params":{"token":"backgroundIndexProgress","value":{"kind":"report","message":"0/1","percentage":0}}}Content-Length: 141

{"jsonrpc":"2.0","method":"$/progress","params":{"token":"backgroundIndexProgress","value":{"kind":"report","message":"0/2","percentage":0}}}Content-Length: 142

{"jsonrpc":"2.0","method":"$/progress","params":{"token":"backgroundIndexProgress","value":{"kind":"report","message":"1/2","percentage":50}}}Content-Length: 142

{"jsonrpc":"2.0","method":"$/progress","params":{"token":"backgroundIndexProgress","value":{"kind":"report","message":"1/2","percentage":50}}}Content-Length: 703

{"jsonrpc":"2.0","method":"textDocument/publishDiagnostics","params":{"diagnostics":[{"code":"pp_file_not_found","message":"In included file: 'stddef.h' file not found","range":{"end":{"character":10,"line":0},"start":{"character":9,"line":0}},"relatedInformation":[{"location":{"range":{"end":{"character":19,"line":47},"start":{"character":9,"line":47}},"uri":"file:///C:/Users/%D1%80%D1%81/AppData/Local/Arduino15/packages/arduino/tools/avr-gcc/7.3.0-atmel3.6.1-arduino7/avr/include/stdlib.h"},"message":"Error occurred here"}],"severity":1,"source":"clang"}],"uri":"file:///c:/Users/%D1%80%D1%81/AppData/Local/Temp/arduino-language-server1387404141/build/sketch/Termometer_C-F.ino.cpp","version":1}}Content-Length: 38

{"id":"2","jsonrpc":"2.0","result":[]}
>>>
Content-Length: 222

{"jsonrpc":"2.0","id":"3","method":"textDocument/documentSymbol","params":{"textDocument":{"uri":"file:///c%3A/Users/%D1%80%D1%81/AppData/Local/Temp/arduino-language-server1387404141/build/sketch/Termometer_C-F.ino.cpp"}}}
<<<
Content-Length: 1295

{"id":"3","jsonrpc":"2.0","result":[{"detail":"OneWire","kind":13,"name":"oneWire","range":{"end":{"character":19,"line":12},"start":{"character":0,"line":12}},"selectionRange":{"end":{"character":15,"line":12},"start":{"character":8,"line":12}}},{"detail":"DallasTemperature","kind":13,"name":"ds","range":{"end":{"character":30,"line":13},"start":{"character":0,"line":13}},"selectionRange":{"end":{"character":20,"line":13},"start":{"character":18,"line":13}}},{"detail":"void ()","kind":12,"name":"setup","range":{"end":{"character":12,"line":16},"start":{"character":0,"line":16}},"selectionRange":{"end":{"character":10,"line":16},"start":{"character":5,"line":16}}},{"detail":"void ()","kind":12,"name":"loop","range":{"end":{"character":11,"line":18},"start":{"character":0,"line":18}},"selectionRange":{"end":{"character":9,"line":18},"start":{"character":5,"line":18}}},{"detail":"void ()","kind":12,"name":"setup","range":{"end":{"character":1,"line":23},"start":{"character":0,"line":20}},"selectionRange":{"end":{"character":10,"line":20},"start":{"character":5,"line":20}}},{"detail":"void ()","kind":12,"name":"loop","range":{"end":{"character":1,"line":38},"start":{"character":0,"line":25}},"selectionRange":{"end":{"character":9,"line":25},"start":{"character":5,"line":25}}}]}Content-Length: 107

{"jsonrpc":"2.0","method":"$/progress","params":{"token":"backgroundIndexProgress","value":{"kind":"end"}}}
>>>
Content-Length: 262

{"jsonrpc":"2.0","id":"4","method":"textDocument/documentHighlight","params":{"textDocument":{"uri":"file:///c%3A/Users/%D1%80%D1%81/AppData/Local/Temp/arduino-language-server1387404141/build/sketch/Termometer_C-F.ino.cpp"},"position":{"line":5,"character":10}}}
<<<
Content-Length: 38

{"id":"4","jsonrpc":"2.0","result":[]}
>>>
Content-Length: 323

{"jsonrpc":"2.0","id":"5","method":"textDocument/codeAction","params":{"textDocument":{"uri":"file:///c%3A/Users/%D1%80%D1%81/AppData/Local/Temp/arduino-language-server1387404141/build/sketch/Termometer_C-F.ino.cpp"},"range":{"start":{"line":5,"character":10},"end":{"line":5,"character":10}},"context":{"diagnostics":[]}}}
<<<
Content-Length: 38

{"id":"5","jsonrpc":"2.0","result":[]}
>>>
Content-Length: 249

{"jsonrpc":"2.0","id":"6","method":"textDocument/hover","params":{"textDocument":{"uri":"file:///c%3A/Users/%D1%80%D1%81/AppData/Local/Temp/arduino-language-server1387404141/build/sketch/Termometer_C-F.ino.cpp"},"position":{"line":7,"character":9}}}
<<<
Content-Length: 40

{"id":"6","jsonrpc":"2.0","result":null}
>>>
Content-Length: 249

{"jsonrpc":"2.0","id":"7","method":"textDocument/hover","params":{"textDocument":{"uri":"file:///c%3A/Users/%D1%80%D1%81/AppData/Local/Temp/arduino-language-server1387404141/build/sketch/Termometer_C-F.ino.cpp"},"position":{"line":9,"character":4}}}
<<<
Content-Length: 181

{"id":"7","jsonrpc":"2.0","result":{"contents":{"kind":"markdown","value":"### `OneWire.h`  \n\n---\n```\nC:\\Users\\рс\\Documents\\Arduino\\libraries\\OneWire\\OneWire.h\n```"}}}
>>>
Content-Length: 249

{"jsonrpc":"2.0","id":"8","method":"textDocument/hover","params":{"textDocument":{"uri":"file:///c%3A/Users/%D1%80%D1%81/AppData/Local/Temp/arduino-language-server1387404141/build/sketch/Termometer_C-F.ino.cpp"},"position":{"line":9,"character":0}}}
<<<
Content-Length: 181

{"id":"8","jsonrpc":"2.0","result":{"contents":{"kind":"markdown","value":"### `OneWire.h`  \n\n---\n```\nC:\\Users\\рс\\Documents\\Arduino\\libraries\\OneWire\\OneWire.h\n```"}}}
>>>
Content-Length: 249

{"jsonrpc":"2.0","id":"9","method":"textDocument/hover","params":{"textDocument":{"uri":"file:///c%3A/Users/%D1%80%D1%81/AppData/Local/Temp/arduino-language-server1387404141/build/sketch/Termometer_C-F.ino.cpp"},"position":{"line":9,"character":0}}}
<<<
Content-Length: 181

{"id":"9","jsonrpc":"2.0","result":{"contents":{"kind":"markdown","value":"### `OneWire.h`  \n\n---\n```\nC:\\Users\\рс\\Documents\\Arduino\\libraries\\OneWire\\OneWire.h\n```"}}}
>>>
Content-Length: 250

{"jsonrpc":"2.0","id":"10","method":"textDocument/hover","params":{"textDocument":{"uri":"file:///c%3A/Users/%D1%80%D1%81/AppData/Local/Temp/arduino-language-server1387404141/build/sketch/Termometer_C-F.ino.cpp"},"position":{"line":9,"character":0}}}
<<<
Content-Length: 182

{"id":"10","jsonrpc":"2.0","result":{"contents":{"kind":"markdown","value":"### `OneWire.h`  \n\n---\n```\nC:\\Users\\рс\\Documents\\Arduino\\libraries\\OneWire\\OneWire.h\n```"}}}
>>>
Content-Length: 250

{"jsonrpc":"2.0","id":"11","method":"textDocument/hover","params":{"textDocument":{"uri":"file:///c%3A/Users/%D1%80%D1%81/AppData/Local/Temp/arduino-language-server1387404141/build/sketch/Termometer_C-F.ino.cpp"},"position":{"line":9,"character":0}}}
<<<
Content-Length: 182

{"id":"11","jsonrpc":"2.0","result":{"contents":{"kind":"markdown","value":"### `OneWire.h`  \n\n---\n```\nC:\\Users\\рс\\Documents\\Arduino\\libraries\\OneWire\\OneWire.h\n```"}}}
>>>
Content-Length: 323

{"jsonrpc":"2.0","id":"12","method":"textDocument/codeAction","params":{"textDocument":{"uri":"file:///c%3A/Users/%D1%80%D1%81/AppData/Local/Temp/arduino-language-server1387404141/build/sketch/Termometer_C-F.ino.cpp"},"range":{"start":{"line":9,"character":0},"end":{"line":38,"character":1}},"context":{"diagnostics":[]}}}
<<<
Content-Length: 39

{"id":"12","jsonrpc":"2.0","result":[]}
>>>
Content-Length: 223

{"jsonrpc":"2.0","id":"13","method":"textDocument/documentSymbol","params":{"textDocument":{"uri":"file:///c%3A/Users/%D1%80%D1%81/AppData/Local/Temp/arduino-language-server1387404141/build/sketch/Termometer_C-F.ino.cpp"}}}
<<<
Content-Length: 1296

{"id":"13","jsonrpc":"2.0","result":[{"detail":"OneWire","kind":13,"name":"oneWire","range":{"end":{"character":19,"line":12},"start":{"character":0,"line":12}},"selectionRange":{"end":{"character":15,"line":12},"start":{"character":8,"line":12}}},{"detail":"DallasTemperature","kind":13,"name":"ds","range":{"end":{"character":30,"line":13},"start":{"character":0,"line":13}},"selectionRange":{"end":{"character":20,"line":13},"start":{"character":18,"line":13}}},{"detail":"void ()","kind":12,"name":"setup","range":{"end":{"character":12,"line":16},"start":{"character":0,"line":16}},"selectionRange":{"end":{"character":10,"line":16},"start":{"character":5,"line":16}}},{"detail":"void ()","kind":12,"name":"loop","range":{"end":{"character":11,"line":18},"start":{"character":0,"line":18}},"selectionRange":{"end":{"character":9,"line":18},"start":{"character":5,"line":18}}},{"detail":"void ()","kind":12,"name":"setup","range":{"end":{"character":1,"line":23},"start":{"character":0,"line":20}},"selectionRange":{"end":{"character":10,"line":20},"start":{"character":5,"line":20}}},{"detail":"void ()","kind":12,"name":"loop","range":{"end":{"character":1,"line":38},"start":{"character":0,"line":25}},"selectionRange":{"end":{"character":9,"line":25},"start":{"character":5,"line":25}}}]}
>>>
Content-Length: 223

{"jsonrpc":"2.0","id":"14","method":"textDocument/documentSymbol","params":{"textDocument":{"uri":"file:///c%3A/Users/%D1%80%D1%81/AppData/Local/Temp/arduino-language-server1387404141/build/sketch/Termometer_C-F.ino.cpp"}}}
<<<
Content-Length: 1296

{"id":"14","jsonrpc":"2.0","result":[{"detail":"OneWire","kind":13,"name":"oneWire","range":{"end":{"character":19,"line":12},"start":{"character":0,"line":12}},"selectionRange":{"end":{"character":15,"line":12},"start":{"character":8,"line":12}}},{"detail":"DallasTemperature","kind":13,"name":"ds","range":{"end":{"character":30,"line":13},"start":{"character":0,"line":13}},"selectionRange":{"end":{"character":20,"line":13},"start":{"character":18,"line":13}}},{"detail":"void ()","kind":12,"name":"setup","range":{"end":{"character":12,"line":16},"start":{"character":0,"line":16}},"selectionRange":{"end":{"character":10,"line":16},"start":{"character":5,"line":16}}},{"detail":"void ()","kind":12,"name":"loop","range":{"end":{"character":11,"line":18},"start":{"character":0,"line":18}},"selectionRange":{"end":{"character":9,"line":18},"start":{"character":5,"line":18}}},{"detail":"void ()","kind":12,"name":"setup","range":{"end":{"character":1,"line":23},"start":{"character":0,"line":20}},"selectionRange":{"end":{"character":10,"line":20},"start":{"character":5,"line":20}}},{"detail":"void ()","kind":12,"name":"loop","range":{"end":{"character":1,"line":38},"start":{"character":0,"line":25}},"selectionRange":{"end":{"character":9,"line":25},"start":{"character":5,"line":25}}}]}
>>>
Content-Length: 326

{"jsonrpc":"2.0","method":"textDocument/didChange","params":{"textDocument":{"uri":"file:///c%3A/Users/%D1%80%D1%81/AppData/Local/Temp/arduino-language-server1387404141/build/sketch/Termometer_C-F.ino.cpp","version":2},"contentChanges":[{"range":{"start":{"line":9,"character":0},"end":{"line":38,"character":1}},"text":""}]}}
<<<
Content-Length: 703

{"jsonrpc":"2.0","method":"textDocument/publishDiagnostics","params":{"diagnostics":[{"code":"pp_file_not_found","message":"In included file: 'stddef.h' file not found","range":{"end":{"character":10,"line":0},"start":{"character":9,"line":0}},"relatedInformation":[{"location":{"range":{"end":{"character":19,"line":47},"start":{"character":9,"line":47}},"uri":"file:///C:/Users/%D1%80%D1%81/AppData/Local/Arduino15/packages/arduino/tools/avr-gcc/7.3.0-atmel3.6.1-arduino7/avr/include/stdlib.h"},"message":"Error occurred here"}],"severity":1,"source":"clang"}],"uri":"file:///c:/Users/%D1%80%D1%81/AppData/Local/Temp/arduino-language-server1387404141/build/sketch/Termometer_C-F.ino.cpp","version":2}}
>>>
Content-Length: 223

{"jsonrpc":"2.0","id":"15","method":"textDocument/documentSymbol","params":{"textDocument":{"uri":"file:///c%3A/Users/%D1%80%D1%81/AppData/Local/Temp/arduino-language-server1387404141/build/sketch/Termometer_C-F.ino.cpp"}}}
<<<
Content-Length: 39

{"id":"15","jsonrpc":"2.0","result":[]}






Started logging.

>>>
Content-Length: 3121

{"jsonrpc":"2.0","id":"1","method":"initialize","params":{"processId":22480,"clientInfo":{"name":"vscode","version":"1.80.0"},"rootPath":"C:\\Users\\рс\\AppData\\Local\\Temp\\arduino-language-server1859905255\\build\\sketch","rootUri":"file:///c%3A/Users/%D1%80%D1%81/AppData/Local/Temp/arduino-language-server1859905255/build/sketch","initializationOptions":{},"capabilities":{"workspace":{"applyEdit":true,"workspaceEdit":{"documentChanges":true,"resourceOperations":["create","rename","delete"],"failureHandling":"textOnlyTransactional"},"didChangeConfiguration":{"dynamicRegistration":true},"didChangeWatchedFiles":{"dynamicRegistration":true},"symbol":{"dynamicRegistration":true,"symbolKind":{"valueSet":[1,2,3,4,5,6,7,8,9,10,11,12,13,14,15,16,17,18,19,20,21,22,23,24,25,26]}},"executeCommand":{"dynamicRegistration":true},"workspaceFolders":true,"configuration":true},"textDocument":{"synchronization":{"dynamicRegistration":true,"willSave":true,"willSaveWaitUntil":true,"didSave":true},"completion":{"dynamicRegistration":true,"completionItem":{"snippetSupport":true,"commitCharactersSupport":true,"documentationFormat":["markdown","plaintext"],"deprecatedSupport":true,"preselectSupport":true,"tagSupport":{"valueSet":[1]}},"completionItemKind":{"valueSet":[1,2,3,4,5,6,7,8,9,10,11,12,13,14,15,16,17,18,19,20,21,22,23,24,25]},"contextSupport":true},"hover":{"dynamicRegistration":true,"contentFormat":["markdown","plaintext"]},"signatureHelp":{"dynamicRegistration":true,"signatureInformation":{"documentationFormat":["markdown","plaintext"],"parameterInformation":{"labelOffsetSupport":true}},"contextSupport":true},"declaration":{"dynamicRegistration":true,"linkSupport":true},"definition":{"dynamicRegistration":true,"linkSupport":true},"typeDefinition":{"dynamicRegistration":true,"linkSupport":true},"implementation":{"dynamicRegistration":true,"linkSupport":true},"references":{"dynamicRegistration":true},"documentHighlight":{"dynamicRegistration":true},"documentSymbol":{"dynamicRegistration":true,"symbolKind":{"valueSet":[1,2,3,4,5,6,7,8,9,10,11,12,13,14,15,16,17,18,19,20,21,22,23,24,25,26]},"hierarchicalDocumentSymbolSupport":true},"codeAction":{"dynamicRegistration":true,"codeActionLiteralSupport":{"codeActionKind":{"valueSet":["","quickfix","refactor","refactor.extract","refactor.inline","refactor.rewrite","source","source.organizeImports"]}},"isPreferredSupport":true},"codeLens":{"dynamicRegistration":true},"documentLink":{"dynamicRegistration":true,"tooltipSupport":true},"colorProvider":{"dynamicRegistration":true},"formatting":{"dynamicRegistration":true},"rangeFormatting":{"dynamicRegistration":true},"onTypeFormatting":{"dynamicRegistration":true},"rename":{"dynamicRegistration":true,"prepareSupport":true},"publishDiagnostics":{"relatedInformation":true,"tagSupport":{"valueSet":[1,2]}},"foldingRange":{"dynamicRegistration":true,"rangeLimit":5000,"lineFoldingOnly":true},"selectionRange":{"dynamicRegistration":true}},"window":{"workDoneProgress":true}},"trace":"off","workspaceFolders":[{"uri":"file:///d%3A/Arduino_GitHub/Termometer/Termometer_C-F","name":"Termometer_C-F"}]}}
<<<
Content-Length: 1905

{"id":"1","jsonrpc":"2.0","result":{"capabilities":{"astProvider":true,"callHierarchyProvider":true,"clangdInlayHintsProvider":true,"codeActionProvider":{"codeActionKinds":["quickfix","refactor","info"]},"compilationDatabase":{"automaticReload":true},"completionProvider":{"allCommitCharacters":[" ","\t","(",")","[","]","{","}","<",">",":",";",",","+","-","/","*","%","^","&","#","?",".","=","\"","'","|"],"resolveProvider":false,"triggerCharacters":[".","<",">",":","\"","/","*"]},"declarationProvider":true,"definitionProvider":true,"documentFormattingProvider":true,"documentHighlightProvider":true,"documentLinkProvider":{"resolveProvider":false},"documentOnTypeFormattingProvider":{"firstTriggerCharacter":"\n","moreTriggerCharacter":[]},"documentRangeFormattingProvider":true,"documentSymbolProvider":true,"executeCommandProvider":{"commands":["clangd.applyFix","clangd.applyTweak"]},"hoverProvider":true,"implementationProvider":true,"memoryUsageProvider":true,"referencesProvider":true,"renameProvider":{"prepareProvider":true},"selectionRangeProvider":true,"semanticTokensProvider":{"full":{"delta":true},"legend":{"tokenModifiers":["declaration","deprecated","deduced","readonly","static","abstract","virtual","dependentName","defaultLibrary","usedAsMutableReference","functionScope","classScope","fileScope","globalScope"],"tokenTypes":["variable","variable","parameter","function","method","function","property","variable","class","interface","enum","enumMember","type","type","unknown","namespace","typeParameter","concept","type","macro","comment"]},"range":false},"signatureHelpProvider":{"triggerCharacters":["(",")","{","}","<",">",","]},"textDocumentSync":{"change":2,"openClose":true,"save":true},"typeDefinitionProvider":true,"typeHierarchyProvider":true,"workspaceSymbolProvider":true},"serverInfo":{"name":"clangd","version":"clangd version 14.0.0 windows x86_64-pc-windows-msvc"}}}
>>>
Content-Length: 52

{"jsonrpc":"2.0","method":"initialized","params":{}}Content-Length: 2504

{"jsonrpc":"2.0","method":"textDocument/didOpen","params":{"textDocument":{"uri":"file:///c%3A/Users/%D1%80%D1%81/AppData/Local/Temp/arduino-language-server1859905255/build/sketch/Termometer_C-F.ino.cpp","languageId":"cpp","version":1,"text":"#include \u003cArduino.h\u003e\n#line 1 \"D:\\\\Arduino_GitHub\\\\Termometer\\\\Termometer_C-F\\\\Termometer_C-F.ino\"\n/*1янв25\nТермометр C / F\nПроект 9\nScriptor42\n*/\n/*Сборный скетч */\n\n/*Термометр на Arduino и термодатчике DS18B20 */\n\n/*Подключение библиотек*/\n#include \"OneWire.h\"\n#include \"DallasTemperature.h\"\n \nOneWire oneWire(10);                             // выбор порта 10 для подключения датчика\nDallasTemperature ds(\u0026oneWire);       //обмен данными  по протоколу 1-Wire \n\nconst int alarmPin = 3;  // назначение порта 3 для вывода аварийного сигнала\n\n#line 19 \"D:\\\\Arduino_GitHub\\\\Termometer\\\\Termometer_C-F\\\\Termometer_C-F.ino\"\nvoid setup();\n#line 25 \"D:\\\\Arduino_GitHub\\\\Termometer\\\\Termometer_C-F\\\\Termometer_C-F.ino\"\nvoid loop();\n#line 19 \"D:\\\\Arduino_GitHub\\\\Termometer\\\\Termometer_C-F\\\\Termometer_C-F.ino\"\nvoid setup() {\n  Serial.begin(9600);   // инициализация монитора порта\n  ds.begin();                 // инициализация датчика ds18b20\n  pinMode(alarmPin, OUTPUT);  // инициализация аварийного порта на выход\n}\n\nvoid loop() {\nds.requestTemperatures();    // запрос температуры\n\n/*Установка высокого уровня напряжения на аварийном порту при T \u003e 25 °C*/\nfloat T_C = ds.getTempCByIndex(0);   //присвоение переменной значения температуры\nif (T_C \u003e 25)\n    digitalWrite(alarmPin, LOW);\n    else\n      digitalWrite(alarmPin, HIGH);\n\n  Serial.print(\"Temperature: \");  // вывод на монитор порта имя параметра\n  Serial.print(ds.getTempCByIndex(0));  // вывод на монитор порта значение параметра\n  Serial.println(\" °C\");   // вывод на монитор порта символа параметра\n  delay(1000);   // приостанов работы программы для фиксации значений\n}\n\n"}}}Content-Length: 222

{"jsonrpc":"2.0","id":"2","method":"textDocument/documentSymbol","params":{"textDocument":{"uri":"file:///c%3A/Users/%D1%80%D1%81/AppData/Local/Temp/arduino-language-server1859905255/build/sketch/Termometer_C-F.ino.cpp"}}}
<<<
Content-Length: 193

{"jsonrpc":"2.0","method":"textDocument/publishDiagnostics","params":{"diagnostics":[],"uri":"file:///c:/Users/%D1%80%D1%81/AppData/Local/Temp/arduino-language-server1859905255/build/.clangd"}}Content-Length: 193

{"jsonrpc":"2.0","method":"textDocument/publishDiagnostics","params":{"diagnostics":[],"uri":"file:///C:/Users/%D1%80%D1%81/AppData/Local/Temp/arduino-language-server1859905255/build/.clangd"}}Content-Length: 111

{"id":0,"jsonrpc":"2.0","method":"window/workDoneProgress/create","params":{"token":"backgroundIndexProgress"}}
>>>
Content-Length: 38

{"jsonrpc":"2.0","id":0,"result":null}
<<<
Content-Length: 143

{"jsonrpc":"2.0","method":"$/progress","params":{"token":"backgroundIndexProgress","value":{"kind":"begin","percentage":0,"title":"indexing"}}}Content-Length: 141

{"jsonrpc":"2.0","method":"$/progress","params":{"token":"backgroundIndexProgress","value":{"kind":"report","message":"0/1","percentage":0}}}Content-Length: 141

{"jsonrpc":"2.0","method":"$/progress","params":{"token":"backgroundIndexProgress","value":{"kind":"report","message":"0/2","percentage":0}}}Content-Length: 142

{"jsonrpc":"2.0","method":"$/progress","params":{"token":"backgroundIndexProgress","value":{"kind":"report","message":"1/2","percentage":50}}}Content-Length: 142

{"jsonrpc":"2.0","method":"$/progress","params":{"token":"backgroundIndexProgress","value":{"kind":"report","message":"1/2","percentage":50}}}Content-Length: 952

{"jsonrpc":"2.0","method":"textDocument/publishDiagnostics","params":{"diagnostics":[{"code":"pp_file_not_found","message":"In included file: 'stddef.h' file not found","range":{"end":{"character":10,"line":0},"start":{"character":9,"line":0}},"relatedInformation":[{"location":{"range":{"end":{"character":19,"line":47},"start":{"character":9,"line":47}},"uri":"file:///C:/Users/%D1%80%D1%81/AppData/Local/Arduino15/packages/arduino/tools/avr-gcc/7.3.0-atmel3.6.1-arduino7/avr/include/stdlib.h"},"message":"Error occurred here"}],"severity":1,"source":"clang"},{"code":"readability-misleading-indentation","message":"Different indentation for 'if' and corresponding 'else'","range":{"end":{"character":8,"line":38},"start":{"character":4,"line":38}},"relatedInformation":[],"severity":2,"source":"clang-tidy"}],"uri":"file:///c:/Users/%D1%80%D1%81/AppData/Local/Temp/arduino-language-server1859905255/build/sketch/Termometer_C-F.ino.cpp","version":1}}Content-Length: 1510

{"id":"2","jsonrpc":"2.0","result":[{"detail":"OneWire","kind":13,"name":"oneWire","range":{"end":{"character":19,"line":15},"start":{"character":0,"line":15}},"selectionRange":{"end":{"character":15,"line":15},"start":{"character":8,"line":15}}},{"detail":"DallasTemperature","kind":13,"name":"ds","range":{"end":{"character":30,"line":16},"start":{"character":0,"line":16}},"selectionRange":{"end":{"character":20,"line":16},"start":{"character":18,"line":16}}},{"detail":"const int","kind":13,"name":"alarmPin","range":{"end":{"character":22,"line":18},"start":{"character":0,"line":18}},"selectionRange":{"end":{"character":18,"line":18},"start":{"character":10,"line":18}}},{"detail":"void ()","kind":12,"name":"setup","range":{"end":{"character":12,"line":21},"start":{"character":0,"line":21}},"selectionRange":{"end":{"character":10,"line":21},"start":{"character":5,"line":21}}},{"detail":"void ()","kind":12,"name":"loop","range":{"end":{"character":11,"line":23},"start":{"character":0,"line":23}},"selectionRange":{"end":{"character":9,"line":23},"start":{"character":5,"line":23}}},{"detail":"void ()","kind":12,"name":"setup","range":{"end":{"character":1,"line":29},"start":{"character":0,"line":25}},"selectionRange":{"end":{"character":10,"line":25},"start":{"character":5,"line":25}}},{"detail":"void ()","kind":12,"name":"loop","range":{"end":{"character":1,"line":45},"start":{"character":0,"line":31}},"selectionRange":{"end":{"character":9,"line":31},"start":{"character":5,"line":31}}}]}Content-Length: 107

{"jsonrpc":"2.0","method":"$/progress","params":{"token":"backgroundIndexProgress","value":{"kind":"end"}}}
>>>
Content-Length: 251

{"jsonrpc":"2.0","id":"3","method":"textDocument/hover","params":{"textDocument":{"uri":"file:///c%3A/Users/%D1%80%D1%81/AppData/Local/Temp/arduino-language-server1859905255/build/sketch/Termometer_C-F.ino.cpp"},"position":{"line":16,"character":39}}}
<<<
Content-Length: 40

{"id":"3","jsonrpc":"2.0","result":null}
>>>
Content-Length: 206

{"jsonrpc":"2.0","method":"textDocument/didSave","params":{"textDocument":{"uri":"file:///c%3A/Users/%D1%80%D1%81/AppData/Local/Temp/arduino-language-server1859905255/build/sketch/Termometer_C-F.ino.cpp"}}}Content-Length: 2508

{"jsonrpc":"2.0","method":"textDocument/didChange","params":{"textDocument":{"uri":"file:///c%3A/Users/%D1%80%D1%81/AppData/Local/Temp/arduino-language-server1859905255/build/sketch/Termometer_C-F.ino.cpp","version":2},"contentChanges":[{"text":"#include \u003cArduino.h\u003e\n#line 1 \"D:\\\\Arduino_GitHub\\\\Termometer\\\\Termometer_C-F\\\\Termometer_C-F.ino\"\n/*1янв25\nТермометр C / F\nПроект 9\nScriptor42\n*/\n/*Сборный скетч */\n\n/*Термометр на Arduino и термодатчике DS18B20 */\n\n/*Подключение библиотек*/\n#include \"OneWire.h\"\n#include \"DallasTemperature.h\"\n \nOneWire oneWire(10);                             // выбор порта 10 для подключения датчика\nDallasTemperature ds(\u0026oneWire);       //обмен данными  по протоколу 1-Wire \n\nconst int alarmPin = 3;  // назначение порта 3 для вывода аварийного сигнала\n\n#line 19 \"D:\\\\Arduino_GitHub\\\\Termometer\\\\Termometer_C-F\\\\Termometer_C-F.ino\"\nvoid setup();\n#line 25 \"D:\\\\Arduino_GitHub\\\\Termometer\\\\Termometer_C-F\\\\Termometer_C-F.ino\"\nvoid loop();\n#line 19 \"D:\\\\Arduino_GitHub\\\\Termometer\\\\Termometer_C-F\\\\Termometer_C-F.ino\"\nvoid setup() {\n  Serial.begin(9600);   // инициализация монитора порта\n  ds.begin();                 // инициализация датчика ds18b20\n  pinMode(alarmPin, OUTPUT);  // инициализация аварийного порта на выход\n}\n\nvoid loop() {\nds.requestTemperatures();    // запрос температуры\n\n/*Установка высокого уровня напряжения на аварийном порту при T \u003e 25 °C*/\nfloat T_C = ds.getTempCByIndex(0);   //присвоение переменной значения температуры\nif (T_C \u003e 25)\n    digitalWrite(alarmPin, LOW);\n    else\n      digitalWrite(alarmPin, HIGH);\n\n  Serial.print(\"Temperature: \");  // вывод на монитор порта имя параметра\n  Serial.print(ds.getTempCByIndex(0));  // вывод на монитор порта значение параметра\n  Serial.println(\" °C\");   // вывод на монитор порта символа параметра\n  delay(1000);   // приостанов работы программы для фиксации значений\n}\n\n"}]}}Content-Length: 206

{"jsonrpc":"2.0","method":"textDocument/didSave","params":{"textDocument":{"uri":"file:///c%3A/Users/%D1%80%D1%81/AppData/Local/Temp/arduino-language-server1859905255/build/sketch/Termometer_C-F.ino.cpp"}}}Content-Length: 2508

{"jsonrpc":"2.0","method":"textDocument/didChange","params":{"textDocument":{"uri":"file:///c%3A/Users/%D1%80%D1%81/AppData/Local/Temp/arduino-language-server1859905255/build/sketch/Termometer_C-F.ino.cpp","version":3},"contentChanges":[{"text":"#include \u003cArduino.h\u003e\n#line 1 \"D:\\\\Arduino_GitHub\\\\Termometer\\\\Termometer_C-F\\\\Termometer_C-F.ino\"\n/*1янв25\nТермометр C / F\nПроект 9\nScriptor42\n*/\n/*Сборный скетч */\n\n/*Термометр на Arduino и термодатчике DS18B20 */\n\n/*Подключение библиотек*/\n#include \"OneWire.h\"\n#include \"DallasTemperature.h\"\n \nOneWire oneWire(10);                             // выбор порта 10 для подключения датчика\nDallasTemperature ds(\u0026oneWire);       //обмен данными  по протоколу 1-Wire \n\nconst int alarmPin = 3;  // назначение порта 3 для вывода аварийного сигнала\n\n#line 19 \"D:\\\\Arduino_GitHub\\\\Termometer\\\\Termometer_C-F\\\\Termometer_C-F.ino\"\nvoid setup();\n#line 25 \"D:\\\\Arduino_GitHub\\\\Termometer\\\\Termometer_C-F\\\\Termometer_C-F.ino\"\nvoid loop();\n#line 19 \"D:\\\\Arduino_GitHub\\\\Termometer\\\\Termometer_C-F\\\\Termometer_C-F.ino\"\nvoid setup() {\n  Serial.begin(9600);   // инициализация монитора порта\n  ds.begin();                 // инициализация датчика ds18b20\n  pinMode(alarmPin, OUTPUT);  // инициализация аварийного порта на выход\n}\n\nvoid loop() {\nds.requestTemperatures();    // запрос температуры\n\n/*Установка высокого уровня напряжения на аварийном порту при T \u003e 25 °C*/\nfloat T_C = ds.getTempCByIndex(0);   //присвоение переменной значения температуры\nif (T_C \u003e 25)\n    digitalWrite(alarmPin, LOW);\n    else\n      digitalWrite(alarmPin, HIGH);\n\n  Serial.print(\"Temperature: \");  // вывод на монитор порта имя параметра\n  Serial.print(ds.getTempCByIndex(0));  // вывод на монитор порта значение параметра\n  Serial.println(\" °C\");   // вывод на монитор порта символа параметра\n  delay(1000);   // приостанов работы программы для фиксации значений\n}\n\n"}]}}
<<<
Content-Length: 111

{"id":1,"jsonrpc":"2.0","method":"window/workDoneProgress/create","params":{"token":"backgroundIndexProgress"}}
>>>
Content-Length: 38

{"jsonrpc":"2.0","id":1,"result":null}
<<<
Content-Length: 143

{"jsonrpc":"2.0","method":"$/progress","params":{"token":"backgroundIndexProgress","value":{"kind":"begin","percentage":0,"title":"indexing"}}}Content-Length: 141

{"jsonrpc":"2.0","method":"$/progress","params":{"token":"backgroundIndexProgress","value":{"kind":"report","message":"0/1","percentage":0}}}Content-Length: 141

{"jsonrpc":"2.0","method":"$/progress","params":{"token":"backgroundIndexProgress","value":{"kind":"report","message":"0/1","percentage":0}}}Content-Length: 107

{"jsonrpc":"2.0","method":"$/progress","params":{"token":"backgroundIndexProgress","value":{"kind":"end"}}}
>>>
Content-Length: 251

{"jsonrpc":"2.0","id":"4","method":"textDocument/hover","params":{"textDocument":{"uri":"file:///c%3A/Users/%D1%80%D1%81/AppData/Local/Temp/arduino-language-server1859905255/build/sketch/Termometer_C-F.ino.cpp"},"position":{"line":15,"character":60}}}
<<<
Content-Length: 40

{"id":"4","jsonrpc":"2.0","result":null}
>>>
Content-Length: 251

{"jsonrpc":"2.0","id":"5","method":"textDocument/hover","params":{"textDocument":{"uri":"file:///c%3A/Users/%D1%80%D1%81/AppData/Local/Temp/arduino-language-server1859905255/build/sketch/Termometer_C-F.ino.cpp"},"position":{"line":34,"character":68}}}
<<<
Content-Length: 40

{"id":"5","jsonrpc":"2.0","result":null}
>>>
Content-Length: 206

{"jsonrpc":"2.0","method":"textDocument/didSave","params":{"textDocument":{"uri":"file:///c%3A/Users/%D1%80%D1%81/AppData/Local/Temp/arduino-language-server1859905255/build/sketch/Termometer_C-F.ino.cpp"}}}Content-Length: 2508

{"jsonrpc":"2.0","method":"textDocument/didChange","params":{"textDocument":{"uri":"file:///c%3A/Users/%D1%80%D1%81/AppData/Local/Temp/arduino-language-server1859905255/build/sketch/Termometer_C-F.ino.cpp","version":4},"contentChanges":[{"text":"#include \u003cArduino.h\u003e\n#line 1 \"D:\\\\Arduino_GitHub\\\\Termometer\\\\Termometer_C-F\\\\Termometer_C-F.ino\"\n/*1янв25\nТермометр C / F\nПроект 9\nScriptor42\n*/\n/*Сборный скетч */\n\n/*Термометр на Arduino и термодатчике DS18B20 */\n\n/*Подключение библиотек*/\n#include \"OneWire.h\"\n#include \"DallasTemperature.h\"\n \nOneWire oneWire(10);                             // выбор порта 10 для подключения датчика\nDallasTemperature ds(\u0026oneWire);       //обмен данными  по протоколу 1-Wire \n\nconst int alarmPin = 3;  // назначение порта 3 для вывода аварийного сигнала\n\n#line 19 \"D:\\\\Arduino_GitHub\\\\Termometer\\\\Termometer_C-F\\\\Termometer_C-F.ino\"\nvoid setup();\n#line 25 \"D:\\\\Arduino_GitHub\\\\Termometer\\\\Termometer_C-F\\\\Termometer_C-F.ino\"\nvoid loop();\n#line 19 \"D:\\\\Arduino_GitHub\\\\Termometer\\\\Termometer_C-F\\\\Termometer_C-F.ino\"\nvoid setup() {\n  Serial.begin(9600);   // инициализация монитора порта\n  ds.begin();                 // инициализация датчика ds18b20\n  pinMode(alarmPin, OUTPUT);  // инициализация аварийного порта на выход\n}\n\nvoid loop() {\nds.requestTemperatures();    // запрос температуры\n\n/*Установка высокого уровня напряжения на аварийном порту при T \u003e 25 °C*/\nfloat T_C = ds.getTempCByIndex(0);   //присвоение переменной значения температуры\nif (T_C \u003e 25)\n    digitalWrite(alarmPin, LOW);\n    else\n      digitalWrite(alarmPin, HIGH);\n\n  Serial.print(\"Temperature: \");  // вывод на монитор порта имя параметра\n  Serial.print(ds.getTempCByIndex(0));  // вывод на монитор порта значение параметра\n  Serial.println(\" °C\");   // вывод на монитор порта символа параметра\n  delay(1000);   // приостанов работы программы для фиксации значений\n}\n\n"}]}}
<<<
Content-Length: 111

{"id":2,"jsonrpc":"2.0","method":"window/workDoneProgress/create","params":{"token":"backgroundIndexProgress"}}
>>>
Content-Length: 38

{"jsonrpc":"2.0","id":2,"result":null}
<<<
Content-Length: 143

{"jsonrpc":"2.0","method":"$/progress","params":{"token":"backgroundIndexProgress","value":{"kind":"begin","percentage":0,"title":"indexing"}}}Content-Length: 141

{"jsonrpc":"2.0","method":"$/progress","params":{"token":"backgroundIndexProgress","value":{"kind":"report","message":"0/1","percentage":0}}}Content-Length: 141

{"jsonrpc":"2.0","method":"$/progress","params":{"token":"backgroundIndexProgress","value":{"kind":"report","message":"0/1","percentage":0}}}Content-Length: 107

{"jsonrpc":"2.0","method":"$/progress","params":{"token":"backgroundIndexProgress","value":{"kind":"end"}}}
>>>
Content-Length: 251

{"jsonrpc":"2.0","id":"6","method":"textDocument/hover","params":{"textDocument":{"uri":"file:///c%3A/Users/%D1%80%D1%81/AppData/Local/Temp/arduino-language-server1859905255/build/sketch/Termometer_C-F.ino.cpp"},"position":{"line":26,"character":28}}}
<<<
Content-Length: 40

{"id":"6","jsonrpc":"2.0","result":null}
>>>
Content-Length: 251

{"jsonrpc":"2.0","id":"7","method":"textDocument/hover","params":{"textDocument":{"uri":"file:///c%3A/Users/%D1%80%D1%81/AppData/Local/Temp/arduino-language-server1859905255/build/sketch/Termometer_C-F.ino.cpp"},"position":{"line":26,"character":19}}}
<<<
Content-Length: 311

{"id":"7","jsonrpc":"2.0","result":{"contents":{"kind":"markdown","value":"### instance-method `begin`  \n\n---\n→ `void`  \nParameters:  \n- `unsigned long`\n\n---\n```cpp\n// In Serial_\npublic: void begin(unsigned long)\n```"},"range":{"end":{"character":20,"line":26},"start":{"character":19,"line":26}}}}
>>>
Content-Length: 250

{"jsonrpc":"2.0","id":"8","method":"textDocument/hover","params":{"textDocument":{"uri":"file:///c%3A/Users/%D1%80%D1%81/AppData/Local/Temp/arduino-language-server1859905255/build/sketch/Termometer_C-F.ino.cpp"},"position":{"line":27,"character":1}}}
<<<
Content-Length: 40

{"id":"8","jsonrpc":"2.0","result":null}
>>>
Content-Length: 250

{"jsonrpc":"2.0","id":"9","method":"textDocument/hover","params":{"textDocument":{"uri":"file:///c%3A/Users/%D1%80%D1%81/AppData/Local/Temp/arduino-language-server1859905255/build/sketch/Termometer_C-F.ino.cpp"},"position":{"line":27,"character":1}}}
<<<
Content-Length: 40

{"id":"9","jsonrpc":"2.0","result":null}
>>>
Content-Length: 252

{"jsonrpc":"2.0","id":"10","method":"textDocument/hover","params":{"textDocument":{"uri":"file:///c%3A/Users/%D1%80%D1%81/AppData/Local/Temp/arduino-language-server1859905255/build/sketch/Termometer_C-F.ino.cpp"},"position":{"line":16,"character":49}}}
<<<
Content-Length: 41

{"id":"10","jsonrpc":"2.0","result":null}
>>>
Content-Length: 252

{"jsonrpc":"2.0","id":"11","method":"textDocument/hover","params":{"textDocument":{"uri":"file:///c%3A/Users/%D1%80%D1%81/AppData/Local/Temp/arduino-language-server1859905255/build/sketch/Termometer_C-F.ino.cpp"},"position":{"line":32,"character":43}}}
<<<
Content-Length: 41

{"id":"11","jsonrpc":"2.0","result":null}
>>>
Content-Length: 252

{"jsonrpc":"2.0","id":"12","method":"textDocument/hover","params":{"textDocument":{"uri":"file:///c%3A/Users/%D1%80%D1%81/AppData/Local/Temp/arduino-language-server1859905255/build/sketch/Termometer_C-F.ino.cpp"},"position":{"line":16,"character":45}}}
<<<
Content-Length: 41

{"id":"12","jsonrpc":"2.0","result":null}
>>>
Content-Length: 252

{"jsonrpc":"2.0","id":"13","method":"textDocument/hover","params":{"textDocument":{"uri":"file:///c%3A/Users/%D1%80%D1%81/AppData/Local/Temp/arduino-language-server1859905255/build/sketch/Termometer_C-F.ino.cpp"},"position":{"line":42,"character":53}}}
<<<
Content-Length: 41

{"id":"13","jsonrpc":"2.0","result":null}
>>>
Content-Length: 252

{"jsonrpc":"2.0","id":"14","method":"textDocument/hover","params":{"textDocument":{"uri":"file:///c%3A/Users/%D1%80%D1%81/AppData/Local/Temp/arduino-language-server1859905255/build/sketch/Termometer_C-F.ino.cpp"},"position":{"line":43,"character":52}}}
<<<
Content-Length: 41

{"id":"14","jsonrpc":"2.0","result":null}
>>>
Content-Length: 252

{"jsonrpc":"2.0","id":"15","method":"textDocument/hover","params":{"textDocument":{"uri":"file:///c%3A/Users/%D1%80%D1%81/AppData/Local/Temp/arduino-language-server1859905255/build/sketch/Termometer_C-F.ino.cpp"},"position":{"line":43,"character":53}}}
<<<
Content-Length: 41

{"id":"15","jsonrpc":"2.0","result":null}
>>>
Content-Length: 252

{"jsonrpc":"2.0","id":"16","method":"textDocument/hover","params":{"textDocument":{"uri":"file:///c%3A/Users/%D1%80%D1%81/AppData/Local/Temp/arduino-language-server1859905255/build/sketch/Termometer_C-F.ino.cpp"},"position":{"line":43,"character":58}}}
<<<
Content-Length: 41

{"id":"16","jsonrpc":"2.0","result":null}






Started logging.

>>>
Content-Length: 3121

{"jsonrpc":"2.0","id":"1","method":"initialize","params":{"processId":25080,"clientInfo":{"name":"vscode","version":"1.80.0"},"rootPath":"C:\\Users\\рс\\AppData\\Local\\Temp\\arduino-language-server3434087935\\build\\sketch","rootUri":"file:///c%3A/Users/%D1%80%D1%81/AppData/Local/Temp/arduino-language-server3434087935/build/sketch","initializationOptions":{},"capabilities":{"workspace":{"applyEdit":true,"workspaceEdit":{"documentChanges":true,"resourceOperations":["create","rename","delete"],"failureHandling":"textOnlyTransactional"},"didChangeConfiguration":{"dynamicRegistration":true},"didChangeWatchedFiles":{"dynamicRegistration":true},"symbol":{"dynamicRegistration":true,"symbolKind":{"valueSet":[1,2,3,4,5,6,7,8,9,10,11,12,13,14,15,16,17,18,19,20,21,22,23,24,25,26]}},"executeCommand":{"dynamicRegistration":true},"workspaceFolders":true,"configuration":true},"textDocument":{"synchronization":{"dynamicRegistration":true,"willSave":true,"willSaveWaitUntil":true,"didSave":true},"completion":{"dynamicRegistration":true,"completionItem":{"snippetSupport":true,"commitCharactersSupport":true,"documentationFormat":["markdown","plaintext"],"deprecatedSupport":true,"preselectSupport":true,"tagSupport":{"valueSet":[1]}},"completionItemKind":{"valueSet":[1,2,3,4,5,6,7,8,9,10,11,12,13,14,15,16,17,18,19,20,21,22,23,24,25]},"contextSupport":true},"hover":{"dynamicRegistration":true,"contentFormat":["markdown","plaintext"]},"signatureHelp":{"dynamicRegistration":true,"signatureInformation":{"documentationFormat":["markdown","plaintext"],"parameterInformation":{"labelOffsetSupport":true}},"contextSupport":true},"declaration":{"dynamicRegistration":true,"linkSupport":true},"definition":{"dynamicRegistration":true,"linkSupport":true},"typeDefinition":{"dynamicRegistration":true,"linkSupport":true},"implementation":{"dynamicRegistration":true,"linkSupport":true},"references":{"dynamicRegistration":true},"documentHighlight":{"dynamicRegistration":true},"documentSymbol":{"dynamicRegistration":true,"symbolKind":{"valueSet":[1,2,3,4,5,6,7,8,9,10,11,12,13,14,15,16,17,18,19,20,21,22,23,24,25,26]},"hierarchicalDocumentSymbolSupport":true},"codeAction":{"dynamicRegistration":true,"codeActionLiteralSupport":{"codeActionKind":{"valueSet":["","quickfix","refactor","refactor.extract","refactor.inline","refactor.rewrite","source","source.organizeImports"]}},"isPreferredSupport":true},"codeLens":{"dynamicRegistration":true},"documentLink":{"dynamicRegistration":true,"tooltipSupport":true},"colorProvider":{"dynamicRegistration":true},"formatting":{"dynamicRegistration":true},"rangeFormatting":{"dynamicRegistration":true},"onTypeFormatting":{"dynamicRegistration":true},"rename":{"dynamicRegistration":true,"prepareSupport":true},"publishDiagnostics":{"relatedInformation":true,"tagSupport":{"valueSet":[1,2]}},"foldingRange":{"dynamicRegistration":true,"rangeLimit":5000,"lineFoldingOnly":true},"selectionRange":{"dynamicRegistration":true}},"window":{"workDoneProgress":true}},"trace":"off","workspaceFolders":[{"uri":"file:///d%3A/Arduino_GitHub/Termometer/Termometer_C-F","name":"Termometer_C-F"}]}}
<<<
Content-Length: 1905

{"id":"1","jsonrpc":"2.0","result":{"capabilities":{"astProvider":true,"callHierarchyProvider":true,"clangdInlayHintsProvider":true,"codeActionProvider":{"codeActionKinds":["quickfix","refactor","info"]},"compilationDatabase":{"automaticReload":true},"completionProvider":{"allCommitCharacters":[" ","\t","(",")","[","]","{","}","<",">",":",";",",","+","-","/","*","%","^","&","#","?",".","=","\"","'","|"],"resolveProvider":false,"triggerCharacters":[".","<",">",":","\"","/","*"]},"declarationProvider":true,"definitionProvider":true,"documentFormattingProvider":true,"documentHighlightProvider":true,"documentLinkProvider":{"resolveProvider":false},"documentOnTypeFormattingProvider":{"firstTriggerCharacter":"\n","moreTriggerCharacter":[]},"documentRangeFormattingProvider":true,"documentSymbolProvider":true,"executeCommandProvider":{"commands":["clangd.applyFix","clangd.applyTweak"]},"hoverProvider":true,"implementationProvider":true,"memoryUsageProvider":true,"referencesProvider":true,"renameProvider":{"prepareProvider":true},"selectionRangeProvider":true,"semanticTokensProvider":{"full":{"delta":true},"legend":{"tokenModifiers":["declaration","deprecated","deduced","readonly","static","abstract","virtual","dependentName","defaultLibrary","usedAsMutableReference","functionScope","classScope","fileScope","globalScope"],"tokenTypes":["variable","variable","parameter","function","method","function","property","variable","class","interface","enum","enumMember","type","type","unknown","namespace","typeParameter","concept","type","macro","comment"]},"range":false},"signatureHelpProvider":{"triggerCharacters":["(",")","{","}","<",">",","]},"textDocumentSync":{"change":2,"openClose":true,"save":true},"typeDefinitionProvider":true,"typeHierarchyProvider":true,"workspaceSymbolProvider":true},"serverInfo":{"name":"clangd","version":"clangd version 14.0.0 windows x86_64-pc-windows-msvc"}}}
>>>
Content-Length: 52

{"jsonrpc":"2.0","method":"initialized","params":{}}Content-Length: 2504

{"jsonrpc":"2.0","method":"textDocument/didOpen","params":{"textDocument":{"uri":"file:///c%3A/Users/%D1%80%D1%81/AppData/Local/Temp/arduino-language-server3434087935/build/sketch/Termometer_C-F.ino.cpp","languageId":"cpp","version":1,"text":"#include \u003cArduino.h\u003e\n#line 1 \"D:\\\\Arduino_GitHub\\\\Termometer\\\\Termometer_C-F\\\\Termometer_C-F.ino\"\n/*1янв25\nТермометр C / F\nПроект 9\nScriptor42\n*/\n/*Сборный скетч */\n\n/*Термометр на Arduino и термодатчике DS18B20 */\n\n/*Подключение библиотек*/\n#include \"OneWire.h\"\n#include \"DallasTemperature.h\"\n \nOneWire oneWire(10);                             // выбор порта 10 для подключения датчика\nDallasTemperature ds(\u0026oneWire);       //обмен данными  по протоколу 1-Wire \n\nconst int alarmPin = 3;  // назначение порта 3 для вывода аварийного сигнала\n\n#line 19 \"D:\\\\Arduino_GitHub\\\\Termometer\\\\Termometer_C-F\\\\Termometer_C-F.ino\"\nvoid setup();\n#line 25 \"D:\\\\Arduino_GitHub\\\\Termometer\\\\Termometer_C-F\\\\Termometer_C-F.ino\"\nvoid loop();\n#line 19 \"D:\\\\Arduino_GitHub\\\\Termometer\\\\Termometer_C-F\\\\Termometer_C-F.ino\"\nvoid setup() {\n  Serial.begin(9600);   // инициализация монитора порта\n  ds.begin();                 // инициализация датчика ds18b20\n  pinMode(alarmPin, OUTPUT);  // инициализация аварийного порта на выход\n}\n\nvoid loop() {\nds.requestTemperatures();    // запрос температуры\n\n/*Установка высокого уровня напряжения на аварийном порту при T \u003e 25 °C*/\nfloat T_C = ds.getTempCByIndex(0);   //присвоение переменной значения температуры\nif (T_C \u003e 25)\n    digitalWrite(alarmPin, LOW);\n    else\n      digitalWrite(alarmPin, HIGH);\n\n  Serial.print(\"Temperature: \");  // вывод на монитор порта имя параметра\n  Serial.print(ds.getTempCByIndex(0));  // вывод на монитор порта значение параметра\n  Serial.println(\" °C\");   // вывод на монитор порта символа параметра\n  delay(1000);   // приостанов работы программы для фиксации значений\n}\n\n"}}}Content-Length: 222

{"jsonrpc":"2.0","id":"2","method":"textDocument/documentSymbol","params":{"textDocument":{"uri":"file:///c%3A/Users/%D1%80%D1%81/AppData/Local/Temp/arduino-language-server3434087935/build/sketch/Termometer_C-F.ino.cpp"}}}
<<<
Content-Length: 193

{"jsonrpc":"2.0","method":"textDocument/publishDiagnostics","params":{"diagnostics":[],"uri":"file:///c:/Users/%D1%80%D1%81/AppData/Local/Temp/arduino-language-server3434087935/build/.clangd"}}Content-Length: 193

{"jsonrpc":"2.0","method":"textDocument/publishDiagnostics","params":{"diagnostics":[],"uri":"file:///C:/Users/%D1%80%D1%81/AppData/Local/Temp/arduino-language-server3434087935/build/.clangd"}}Content-Length: 111

{"id":0,"jsonrpc":"2.0","method":"window/workDoneProgress/create","params":{"token":"backgroundIndexProgress"}}
>>>
Content-Length: 38

{"jsonrpc":"2.0","id":0,"result":null}
<<<
Content-Length: 143

{"jsonrpc":"2.0","method":"$/progress","params":{"token":"backgroundIndexProgress","value":{"kind":"begin","percentage":0,"title":"indexing"}}}Content-Length: 141

{"jsonrpc":"2.0","method":"$/progress","params":{"token":"backgroundIndexProgress","value":{"kind":"report","message":"0/1","percentage":0}}}Content-Length: 141

{"jsonrpc":"2.0","method":"$/progress","params":{"token":"backgroundIndexProgress","value":{"kind":"report","message":"0/2","percentage":0}}}Content-Length: 142

{"jsonrpc":"2.0","method":"$/progress","params":{"token":"backgroundIndexProgress","value":{"kind":"report","message":"1/2","percentage":50}}}Content-Length: 142

{"jsonrpc":"2.0","method":"$/progress","params":{"token":"backgroundIndexProgress","value":{"kind":"report","message":"1/2","percentage":50}}}Content-Length: 952

{"jsonrpc":"2.0","method":"textDocument/publishDiagnostics","params":{"diagnostics":[{"code":"pp_file_not_found","message":"In included file: 'stddef.h' file not found","range":{"end":{"character":10,"line":0},"start":{"character":9,"line":0}},"relatedInformation":[{"location":{"range":{"end":{"character":19,"line":47},"start":{"character":9,"line":47}},"uri":"file:///C:/Users/%D1%80%D1%81/AppData/Local/Arduino15/packages/arduino/tools/avr-gcc/7.3.0-atmel3.6.1-arduino7/avr/include/stdlib.h"},"message":"Error occurred here"}],"severity":1,"source":"clang"},{"code":"readability-misleading-indentation","message":"Different indentation for 'if' and corresponding 'else'","range":{"end":{"character":8,"line":38},"start":{"character":4,"line":38}},"relatedInformation":[],"severity":2,"source":"clang-tidy"}],"uri":"file:///c:/Users/%D1%80%D1%81/AppData/Local/Temp/arduino-language-server3434087935/build/sketch/Termometer_C-F.ino.cpp","version":1}}Content-Length: 1510

{"id":"2","jsonrpc":"2.0","result":[{"detail":"OneWire","kind":13,"name":"oneWire","range":{"end":{"character":19,"line":15},"start":{"character":0,"line":15}},"selectionRange":{"end":{"character":15,"line":15},"start":{"character":8,"line":15}}},{"detail":"DallasTemperature","kind":13,"name":"ds","range":{"end":{"character":30,"line":16},"start":{"character":0,"line":16}},"selectionRange":{"end":{"character":20,"line":16},"start":{"character":18,"line":16}}},{"detail":"const int","kind":13,"name":"alarmPin","range":{"end":{"character":22,"line":18},"start":{"character":0,"line":18}},"selectionRange":{"end":{"character":18,"line":18},"start":{"character":10,"line":18}}},{"detail":"void ()","kind":12,"name":"setup","range":{"end":{"character":12,"line":21},"start":{"character":0,"line":21}},"selectionRange":{"end":{"character":10,"line":21},"start":{"character":5,"line":21}}},{"detail":"void ()","kind":12,"name":"loop","range":{"end":{"character":11,"line":23},"start":{"character":0,"line":23}},"selectionRange":{"end":{"character":9,"line":23},"start":{"character":5,"line":23}}},{"detail":"void ()","kind":12,"name":"setup","range":{"end":{"character":1,"line":29},"start":{"character":0,"line":25}},"selectionRange":{"end":{"character":10,"line":25},"start":{"character":5,"line":25}}},{"detail":"void ()","kind":12,"name":"loop","range":{"end":{"character":1,"line":45},"start":{"character":0,"line":31}},"selectionRange":{"end":{"character":9,"line":31},"start":{"character":5,"line":31}}}]}
>>>
Content-Length: 251

{"jsonrpc":"2.0","id":"3","method":"textDocument/hover","params":{"textDocument":{"uri":"file:///c%3A/Users/%D1%80%D1%81/AppData/Local/Temp/arduino-language-server3434087935/build/sketch/Termometer_C-F.ino.cpp"},"position":{"line":15,"character":22}}}
<<<
Content-Length: 40

{"id":"3","jsonrpc":"2.0","result":null}Content-Length: 107

{"jsonrpc":"2.0","method":"$/progress","params":{"token":"backgroundIndexProgress","value":{"kind":"end"}}}






Started logging.

>>>
Content-Length: 3119

{"jsonrpc":"2.0","id":"1","method":"initialize","params":{"processId":24736,"clientInfo":{"name":"vscode","version":"1.80.0"},"rootPath":"C:\\Users\\рс\\AppData\\Local\\Temp\\arduino-language-server124826405\\build\\sketch","rootUri":"file:///c%3A/Users/%D1%80%D1%81/AppData/Local/Temp/arduino-language-server124826405/build/sketch","initializationOptions":{},"capabilities":{"workspace":{"applyEdit":true,"workspaceEdit":{"documentChanges":true,"resourceOperations":["create","rename","delete"],"failureHandling":"textOnlyTransactional"},"didChangeConfiguration":{"dynamicRegistration":true},"didChangeWatchedFiles":{"dynamicRegistration":true},"symbol":{"dynamicRegistration":true,"symbolKind":{"valueSet":[1,2,3,4,5,6,7,8,9,10,11,12,13,14,15,16,17,18,19,20,21,22,23,24,25,26]}},"executeCommand":{"dynamicRegistration":true},"workspaceFolders":true,"configuration":true},"textDocument":{"synchronization":{"dynamicRegistration":true,"willSave":true,"willSaveWaitUntil":true,"didSave":true},"completion":{"dynamicRegistration":true,"completionItem":{"snippetSupport":true,"commitCharactersSupport":true,"documentationFormat":["markdown","plaintext"],"deprecatedSupport":true,"preselectSupport":true,"tagSupport":{"valueSet":[1]}},"completionItemKind":{"valueSet":[1,2,3,4,5,6,7,8,9,10,11,12,13,14,15,16,17,18,19,20,21,22,23,24,25]},"contextSupport":true},"hover":{"dynamicRegistration":true,"contentFormat":["markdown","plaintext"]},"signatureHelp":{"dynamicRegistration":true,"signatureInformation":{"documentationFormat":["markdown","plaintext"],"parameterInformation":{"labelOffsetSupport":true}},"contextSupport":true},"declaration":{"dynamicRegistration":true,"linkSupport":true},"definition":{"dynamicRegistration":true,"linkSupport":true},"typeDefinition":{"dynamicRegistration":true,"linkSupport":true},"implementation":{"dynamicRegistration":true,"linkSupport":true},"references":{"dynamicRegistration":true},"documentHighlight":{"dynamicRegistration":true},"documentSymbol":{"dynamicRegistration":true,"symbolKind":{"valueSet":[1,2,3,4,5,6,7,8,9,10,11,12,13,14,15,16,17,18,19,20,21,22,23,24,25,26]},"hierarchicalDocumentSymbolSupport":true},"codeAction":{"dynamicRegistration":true,"codeActionLiteralSupport":{"codeActionKind":{"valueSet":["","quickfix","refactor","refactor.extract","refactor.inline","refactor.rewrite","source","source.organizeImports"]}},"isPreferredSupport":true},"codeLens":{"dynamicRegistration":true},"documentLink":{"dynamicRegistration":true,"tooltipSupport":true},"colorProvider":{"dynamicRegistration":true},"formatting":{"dynamicRegistration":true},"rangeFormatting":{"dynamicRegistration":true},"onTypeFormatting":{"dynamicRegistration":true},"rename":{"dynamicRegistration":true,"prepareSupport":true},"publishDiagnostics":{"relatedInformation":true,"tagSupport":{"valueSet":[1,2]}},"foldingRange":{"dynamicRegistration":true,"rangeLimit":5000,"lineFoldingOnly":true},"selectionRange":{"dynamicRegistration":true}},"window":{"workDoneProgress":true}},"trace":"off","workspaceFolders":[{"uri":"file:///d%3A/Arduino_GitHub/Termometer/Termometer_C-F","name":"Termometer_C-F"}]}}
<<<
Content-Length: 1905

{"id":"1","jsonrpc":"2.0","result":{"capabilities":{"astProvider":true,"callHierarchyProvider":true,"clangdInlayHintsProvider":true,"codeActionProvider":{"codeActionKinds":["quickfix","refactor","info"]},"compilationDatabase":{"automaticReload":true},"completionProvider":{"allCommitCharacters":[" ","\t","(",")","[","]","{","}","<",">",":",";",",","+","-","/","*","%","^","&","#","?",".","=","\"","'","|"],"resolveProvider":false,"triggerCharacters":[".","<",">",":","\"","/","*"]},"declarationProvider":true,"definitionProvider":true,"documentFormattingProvider":true,"documentHighlightProvider":true,"documentLinkProvider":{"resolveProvider":false},"documentOnTypeFormattingProvider":{"firstTriggerCharacter":"\n","moreTriggerCharacter":[]},"documentRangeFormattingProvider":true,"documentSymbolProvider":true,"executeCommandProvider":{"commands":["clangd.applyFix","clangd.applyTweak"]},"hoverProvider":true,"implementationProvider":true,"memoryUsageProvider":true,"referencesProvider":true,"renameProvider":{"prepareProvider":true},"selectionRangeProvider":true,"semanticTokensProvider":{"full":{"delta":true},"legend":{"tokenModifiers":["declaration","deprecated","deduced","readonly","static","abstract","virtual","dependentName","defaultLibrary","usedAsMutableReference","functionScope","classScope","fileScope","globalScope"],"tokenTypes":["variable","variable","parameter","function","method","function","property","variable","class","interface","enum","enumMember","type","type","unknown","namespace","typeParameter","concept","type","macro","comment"]},"range":false},"signatureHelpProvider":{"triggerCharacters":["(",")","{","}","<",">",","]},"textDocumentSync":{"change":2,"openClose":true,"save":true},"typeDefinitionProvider":true,"typeHierarchyProvider":true,"workspaceSymbolProvider":true},"serverInfo":{"name":"clangd","version":"clangd version 14.0.0 windows x86_64-pc-windows-msvc"}}}
>>>
Content-Length: 52

{"jsonrpc":"2.0","method":"initialized","params":{}}Content-Length: 2503

{"jsonrpc":"2.0","method":"textDocument/didOpen","params":{"textDocument":{"uri":"file:///c%3A/Users/%D1%80%D1%81/AppData/Local/Temp/arduino-language-server124826405/build/sketch/Termometer_C-F.ino.cpp","languageId":"cpp","version":1,"text":"#include \u003cArduino.h\u003e\n#line 1 \"D:\\\\Arduino_GitHub\\\\Termometer\\\\Termometer_C-F\\\\Termometer_C-F.ino\"\n/*1янв25\nТермометр C / F\nПроект 9\nScriptor42\n*/\n/*Сборный скетч */\n\n/*Термометр на Arduino и термодатчике DS18B20 */\n\n/*Подключение библиотек*/\n#include \"OneWire.h\"\n#include \"DallasTemperature.h\"\n \nOneWire oneWire(10);                             // выбор порта 10 для подключения датчика\nDallasTemperature ds(\u0026oneWire);       //обмен данными  по протоколу 1-Wire \n\nconst int alarmPin = 3;  // назначение порта 3 для вывода аварийного сигнала\n\n#line 19 \"D:\\\\Arduino_GitHub\\\\Termometer\\\\Termometer_C-F\\\\Termometer_C-F.ino\"\nvoid setup();\n#line 25 \"D:\\\\Arduino_GitHub\\\\Termometer\\\\Termometer_C-F\\\\Termometer_C-F.ino\"\nvoid loop();\n#line 19 \"D:\\\\Arduino_GitHub\\\\Termometer\\\\Termometer_C-F\\\\Termometer_C-F.ino\"\nvoid setup() {\n  Serial.begin(9600);   // инициализация монитора порта\n  ds.begin();                 // инициализация датчика ds18b20\n  pinMode(alarmPin, OUTPUT);  // инициализация аварийного порта на выход\n}\n\nvoid loop() {\nds.requestTemperatures();    // запрос температуры\n\n/*Установка высокого уровня напряжения на аварийном порту при T \u003e 25 °C*/\nfloat T_C = ds.getTempCByIndex(0);   //присвоение переменной значения температуры\nif (T_C \u003e 25)\n    digitalWrite(alarmPin, LOW);\n    else\n      digitalWrite(alarmPin, HIGH);\n\n  Serial.print(\"Temperature: \");  // вывод на монитор порта имя параметра\n  Serial.print(ds.getTempCByIndex(0));  // вывод на монитор порта значение параметра\n  Serial.println(\" °C\");   // вывод на монитор порта символа параметра\n  delay(1000);   // приостанов работы программы для фиксации значений\n}\n\n"}}}Content-Length: 221

{"jsonrpc":"2.0","id":"2","method":"textDocument/documentSymbol","params":{"textDocument":{"uri":"file:///c%3A/Users/%D1%80%D1%81/AppData/Local/Temp/arduino-language-server124826405/build/sketch/Termometer_C-F.ino.cpp"}}}
<<<
Content-Length: 192

{"jsonrpc":"2.0","method":"textDocument/publishDiagnostics","params":{"diagnostics":[],"uri":"file:///c:/Users/%D1%80%D1%81/AppData/Local/Temp/arduino-language-server124826405/build/.clangd"}}Content-Length: 192

{"jsonrpc":"2.0","method":"textDocument/publishDiagnostics","params":{"diagnostics":[],"uri":"file:///C:/Users/%D1%80%D1%81/AppData/Local/Temp/arduino-language-server124826405/build/.clangd"}}Content-Length: 111

{"id":0,"jsonrpc":"2.0","method":"window/workDoneProgress/create","params":{"token":"backgroundIndexProgress"}}
>>>
Content-Length: 38

{"jsonrpc":"2.0","id":0,"result":null}
<<<
Content-Length: 143

{"jsonrpc":"2.0","method":"$/progress","params":{"token":"backgroundIndexProgress","value":{"kind":"begin","percentage":0,"title":"indexing"}}}Content-Length: 141

{"jsonrpc":"2.0","method":"$/progress","params":{"token":"backgroundIndexProgress","value":{"kind":"report","message":"0/1","percentage":0}}}Content-Length: 141

{"jsonrpc":"2.0","method":"$/progress","params":{"token":"backgroundIndexProgress","value":{"kind":"report","message":"0/2","percentage":0}}}Content-Length: 142

{"jsonrpc":"2.0","method":"$/progress","params":{"token":"backgroundIndexProgress","value":{"kind":"report","message":"1/2","percentage":50}}}Content-Length: 142

{"jsonrpc":"2.0","method":"$/progress","params":{"token":"backgroundIndexProgress","value":{"kind":"report","message":"1/2","percentage":50}}}Content-Length: 951

{"jsonrpc":"2.0","method":"textDocument/publishDiagnostics","params":{"diagnostics":[{"code":"pp_file_not_found","message":"In included file: 'stddef.h' file not found","range":{"end":{"character":10,"line":0},"start":{"character":9,"line":0}},"relatedInformation":[{"location":{"range":{"end":{"character":19,"line":47},"start":{"character":9,"line":47}},"uri":"file:///C:/Users/%D1%80%D1%81/AppData/Local/Arduino15/packages/arduino/tools/avr-gcc/7.3.0-atmel3.6.1-arduino7/avr/include/stdlib.h"},"message":"Error occurred here"}],"severity":1,"source":"clang"},{"code":"readability-misleading-indentation","message":"Different indentation for 'if' and corresponding 'else'","range":{"end":{"character":8,"line":38},"start":{"character":4,"line":38}},"relatedInformation":[],"severity":2,"source":"clang-tidy"}],"uri":"file:///c:/Users/%D1%80%D1%81/AppData/Local/Temp/arduino-language-server124826405/build/sketch/Termometer_C-F.ino.cpp","version":1}}Content-Length: 1510

{"id":"2","jsonrpc":"2.0","result":[{"detail":"OneWire","kind":13,"name":"oneWire","range":{"end":{"character":19,"line":15},"start":{"character":0,"line":15}},"selectionRange":{"end":{"character":15,"line":15},"start":{"character":8,"line":15}}},{"detail":"DallasTemperature","kind":13,"name":"ds","range":{"end":{"character":30,"line":16},"start":{"character":0,"line":16}},"selectionRange":{"end":{"character":20,"line":16},"start":{"character":18,"line":16}}},{"detail":"const int","kind":13,"name":"alarmPin","range":{"end":{"character":22,"line":18},"start":{"character":0,"line":18}},"selectionRange":{"end":{"character":18,"line":18},"start":{"character":10,"line":18}}},{"detail":"void ()","kind":12,"name":"setup","range":{"end":{"character":12,"line":21},"start":{"character":0,"line":21}},"selectionRange":{"end":{"character":10,"line":21},"start":{"character":5,"line":21}}},{"detail":"void ()","kind":12,"name":"loop","range":{"end":{"character":11,"line":23},"start":{"character":0,"line":23}},"selectionRange":{"end":{"character":9,"line":23},"start":{"character":5,"line":23}}},{"detail":"void ()","kind":12,"name":"setup","range":{"end":{"character":1,"line":29},"start":{"character":0,"line":25}},"selectionRange":{"end":{"character":10,"line":25},"start":{"character":5,"line":25}}},{"detail":"void ()","kind":12,"name":"loop","range":{"end":{"character":1,"line":45},"start":{"character":0,"line":31}},"selectionRange":{"end":{"character":9,"line":31},"start":{"character":5,"line":31}}}]}
>>>
Content-Length: 250

{"jsonrpc":"2.0","id":"3","method":"textDocument/hover","params":{"textDocument":{"uri":"file:///c%3A/Users/%D1%80%D1%81/AppData/Local/Temp/arduino-language-server124826405/build/sketch/Termometer_C-F.ino.cpp"},"position":{"line":15,"character":77}}}
<<<
Content-Length: 40

{"id":"3","jsonrpc":"2.0","result":null}Content-Length: 107

{"jsonrpc":"2.0","method":"$/progress","params":{"token":"backgroundIndexProgress","value":{"kind":"end"}}}